Latitude,Longitude,Altitude,Month,Hour,Season,Humidity,AmbientTemp,PolyPwr,Wind.Speed,Visibility,Pressure,Cloud.Ceiling
47.11,-122.57,84,12,14,Winter,14.4043,35.41267,4.96121,6,10.0,1025.4,722
47.11,-122.57,84,1,11,Winter,62.97607,10.94315,1.44254,6,3.0,1010.9,5
47.11,-122.57,84,1,15,Winter,62.21924,14.20609,3.90542,9,10.0,993.8,25
47.11,-122.57,84,1,13,Winter,77.47192,11.68083,1.72401,8,10.0,1014.3,42
47.11,-122.57,84,1,15,Winter,88.40332,9.09515,0.4602,9,5.0,1009.2,11
47.11,-122.57,84,2,14,Winter,21.44165,30.37979,14.9511,0,10.0,1014.3,23
47.11,-122.57,84,2,15,Winter,80.68848,9.72961,1.89993,6,10.0,1007.6,18
47.11,-122.57,84,2,15,Winter,78.79639,10.39177,2.75469,6,10.0,1007.9,16
47.11,-122.57,84,2,13,Winter,46.76514,18.05817,7.002,7,10.0,1019.3,45
47.11,-122.57,84,2,12,Winter,96.11816,7.82372,2.60361,14,10.0,1012.6,15
47.11,-122.57,84,2,14,Winter,88.84277,10.32127,4.8202,15,10.0,1010.9,22
47.11,-122.57,84,2,11,Winter,62.78687,5.9153,1.47772,0,2.0,1010.6,15
47.11,-122.57,84,2,13,Winter,83.18481,9.67674,2.67398,14,10.0,996.5,26
47.11,-122.57,84,2,13,Winter,87.57324,9.67422,1.79438,11,10.0,996.2,180
47.11,-122.57,84,5,15,Spring,19.62891,38.12172,23.42119,8,10.0,1006.2,36
47.11,-122.57,84,5,13,Spring,11.54785,49.69307,21.06587,8,10.0,998.2,722
47.11,-122.57,84,5,14,Spring,14.28833,44.58969,21.10834,6,10.0,1005.6,722
47.11,-122.57,84,5,14,Spring,11.35864,43.85201,20.16891,3,10.0,1010.3,50
47.11,-122.57,84,5,15,Spring,12.37793,46.42006,19.45407,9,10.0,1011.3,722
47.11,-122.57,84,5,10,Spring,33.95386,25.20088,7.72058,3,10.0,1009.6,26
47.11,-122.57,84,6,15,Summer,46.73462,23.17665,11.61135,15,10.0,1006.6,722
47.11,-122.57,84,6,10,Summer,39.56299,23.88161,18.84136,0,10.0,1011.9,27
47.11,-122.57,84,6,14,Summer,8.77075,52.22588,21.04919,11,10.0,1001.2,722
47.11,-122.57,84,6,13,Summer,40.36865,27.69089,5.91972,7,10.0,1010.9,25
47.11,-122.57,84,7,14,Summer,42.57812,28.41347,10.6212,9,10.0,1009.6,23
47.11,-122.57,84,7,11,Summer,52.06299,23.95966,6.5665,3,10.0,1014.3,28
47.11,-122.57,84,7,11,Summer,47.03369,26.40182,3.59957,3,10.0,1014.3,37
47.11,-122.57,84,7,15,Summer,6.41479,57.45766,18.97681,3,10.0,1003.9,722
47.11,-122.57,84,7,10,Summer,28.34473,34.22432,15.06806,0,10.0,1006.2,722
47.11,-122.57,84,7,10,Summer,36.76147,29.09325,13.45899,7,10.0,1010.9,722
47.11,-122.57,84,7,10,Summer,37.34131,33.53195,13.2541,0,10.0,1006.9,722
47.11,-122.57,84,8,14,Summer,13.86719,49.00322,19.47008,3,10.0,1005.9,722
47.11,-122.57,84,8,11,Summer,41.27808,28.36563,3.89897,3,10.0,1008.9,45
47.11,-122.57,84,8,14,Summer,9.41162,54.79645,18.29836,7,10.0,1004.9,722
47.11,-122.57,84,8,12,Summer,14.95361,48.36624,18.18464,3,10.0,1005.6,722
47.11,-122.57,84,8,10,Summer,31.427,34.7757,11.68194,6,6.0,1002.2,722
47.11,-122.57,84,8,10,Summer,60.79712,23.86147,3.65954,8,10.0,1006.9,55
47.11,-122.57,84,8,13,Summer,95.72144,19.44542,3.37804,6,10.0,1007.2,180
47.11,-122.57,84,8,13,Summer,73.64502,25.16815,25.18414,11,10.0,1007.2,29
47.11,-122.57,84,8,13,Summer,63.56201,27.0388,10.96475,9,10.0,1007.2,14
47.11,-122.57,84,8,10,Summer,60.4187,24.49341,5.56431,3,10.0,1010.9,18
47.11,-122.57,84,8,14,Summer,11.2915,54.24759,16.60702,8,3.0,1001.2,722
47.11,-122.57,84,8,12,Summer,14.80103,45.83595,14.20948,6,3.0,1002.5,722
47.11,-122.57,84,9,11,Fall,27.27051,34.18152,14.82598,0,10.0,1009.9,722
47.11,-122.57,84,9,12,Fall,13.66577,45.81581,16.86339,7,10.0,1008.9,722
47.11,-122.57,84,9,13,Fall,10.91309,49.71321,17.64777,8,10.0,1008.2,722
47.11,-122.57,84,9,12,Fall,11.93848,47.08725,16.03356,9,10.0,1004.5,722
47.11,-122.57,84,9,14,Fall,31.01807,36.70174,16.51119,15,10.0,1002.5,722
47.11,-122.57,84,9,15,Fall,36.47461,29.76799,2.67428,13,10.0,1002.9,31
47.11,-122.57,84,9,10,Fall,50.36011,23.26225,2.46316,7,10.0,1010.3,30
47.11,-122.57,84,9,13,Fall,11.69434,50.30739,14.92368,7,10.0,1011.3,722
40.67,-86.15,239,11,11,Fall,38.56812,16.16234,3.83548,8,10.0,997.8,722
40.67,-86.15,239,11,11,Fall,63.45825,10.37163,4.15218,8,10.0,998.7,722
40.67,-86.15,239,11,14,Fall,40.16724,17.46147,7.83611,13,10.0,995.8,722
40.67,-86.15,239,11,13,Fall,51.36108,13.50868,5.48692,15,10.0,988.8,722
40.67,-86.15,239,11,14,Fall,30.32837,22.63535,7.03118,6,8.0,988.5,722
40.67,-86.15,239,11,12,Fall,32.47681,20.67909,3.99841,20,10.0,987.5,722
40.67,-86.15,239,12,14,Winter,33.39233,21.33873,4.30287,6,10.0,993.1,722
40.67,-86.15,239,12,12,Winter,55.2124,13.61191,3.44861,17,10.0,984.9,722
40.67,-86.15,239,12,11,Winter,80.22461,-3.79044,4.9615,16,3.0,991.5,21
40.67,-86.15,239,12,15,Winter,74.00513,11.68083,3.55418,21,10.0,984.5,41
40.67,-86.15,239,12,12,Winter,65.42358,3.86337,4.32836,13,10.0,988.2,220
40.67,-86.15,239,1,14,Winter,79.88892,2.61459,2.32638,0,4.0,995.8,4
40.67,-86.15,239,1,12,Winter,81.97021,16.11702,3.44881,18,10.0,981.9,22
40.67,-86.15,239,2,15,Winter,97.00317,7.14645,3.9063,9,1.3,988.5,3
40.67,-86.15,239,4,15,Spring,26.26953,22.62024,21.64233,24,10.0,988.8,722
40.67,-86.15,239,4,13,Spring,15.16724,30.34203,20.38776,13,10.0,994.1,722
40.67,-86.15,239,5,10,Spring,43.16406,26.46225,3.06315,9,10.0,988.5,722
40.67,-86.15,239,5,14,Spring,25.78125,32.34612,11.46808,7,10.0,986.8,70
40.67,-86.15,239,5,14,Spring,15.38696,39.36798,20.37426,0,10.0,991.5,722
40.67,-86.15,239,5,13,Spring,32.93457,33.49419,20.60647,11,10.0,984.5,722
40.67,-86.15,239,5,12,Spring,36.42578,25.80765,13.94872,15,10.0,986.8,722
40.67,-86.15,239,5,11,Spring,48.22998,26.45721,6.06086,7,10.0,986.5,722
40.67,-86.15,239,5,10,Spring,67.80396,27.17224,8.72741,6,10.0,982.5,722
40.67,-86.15,239,5,14,Spring,67.55981,23.1842,5.40497,17,10.0,985.9,18
40.67,-86.15,239,5,15,Spring,73.46191,21.25816,2.42797,14,10.0,985.5,17
40.67,-86.15,239,5,12,Spring,61.05957,28.99506,9.04882,9,10.0,982.5,120
40.67,-86.15,239,5,11,Spring,31.71387,34.80591,16.10181,7,10.0,985.9,722
40.67,-86.15,239,5,15,Spring,24.2981,43.94516,19.52043,0,7.0,983.2,722
40.67,-86.15,239,6,13,Summer,29.47998,45.20401,20.70867,0,10.0,982.5,722
40.67,-86.15,239,6,13,Summer,64.77661,27.7211,2.91376,5,10.0,984.9,15
40.67,-86.15,239,6,13,Summer,29.49219,34.14627,21.13559,18,10.0,982.9,722
40.67,-86.15,239,6,12,Summer,26.67236,32.87735,21.01363,16,10.0,986.5,722
40.67,-86.15,239,6,10,Summer,57.58667,20.71938,12.02279,11,10.0,986.2,722
40.67,-86.15,239,6,13,Summer,99.98779,19.44542,2.92093,14,10.0,982.9,9
40.67,-86.15,239,6,14,Summer,99.98779,20.08995,5.79062,13,10.0,981.6,70
40.67,-86.15,239,6,11,Summer,55.92651,32.23282,9.34046,3,10.0,986.8,180
40.67,-86.15,239,6,10,Summer,59.47876,34.12865,11.12776,10,10.0,989.2,722
40.67,-86.15,239,6,10,Summer,62.65259,32.21268,12.87133,6,10.0,985.9,722
40.67,-86.15,239,6,13,Summer,45.08667,39.36798,7.66383,5,10.0,984.9,30
40.67,-86.15,239,6,14,Summer,48.99902,37.49985,16.87555,8,10.0,981.9,27
40.67,-86.15,239,6,11,Summer,79.02832,25.76233,2.77225,6,10.0,976.9,9
40.67,-86.15,239,6,11,Summer,81.81152,25.18578,2.81535,7,10.0,976.9,12
40.67,-86.15,239,6,13,Summer,57.90405,31.58829,7.8754,21,10.0,980.2,55
40.67,-86.15,239,6,10,Summer,70.95337,31.61095,11.10619,13,10.0,988.2,722
40.67,-86.15,239,6,12,Summer,47.00317,40.57648,21.0901,8,10.0,988.2,722
40.67,-86.15,239,7,15,Summer,44.70825,40.56892,20.87838,15,10.0,984.2,722
40.67,-86.15,239,7,10,Summer,54.01611,26.51764,14.42241,15,10.0,998.1,722
40.67,-86.15,239,7,13,Summer,41.65039,38.64037,1.92535,8,10.0,994.1,722
40.67,-86.15,239,7,14,Summer,34.198,42.64854,20.38565,10,10.0,993.8,722
40.67,-86.15,239,7,14,Summer,53.15552,31.62857,1.45754,0,10.0,988.8,170
40.67,-86.15,239,7,11,Summer,45.94727,33.48412,15.31633,7,10.0,988.2,722
40.67,-86.15,239,7,15,Summer,41.6626,30.37979,1.39788,0,10.0,989.2,722
40.67,-86.15,239,7,13,Summer,55.22461,32.30583,7.82339,18,10.0,976.6,722
40.67,-86.15,239,7,13,Summer,98.63281,23.26981,7.86495,7,10.0,976.3,16
40.67,-86.15,239,7,10,Summer,66.05225,24.55887,9.95126,6,10.0,987.8,722
40.67,-86.15,239,7,10,Summer,60.30884,27.07909,12.34589,7,10.0,988.2,722
40.67,-86.15,239,7,11,Summer,46.45386,30.91606,14.45934,7,10.0,991.5,722
40.67,-86.15,239,7,11,Summer,99.98779,19.44542,3.09689,8,7.0,986.5,45
40.67,-86.15,239,8,14,Summer,39.19067,37.47215,18.18498,11,10.0,987.5,722
40.67,-86.15,239,8,11,Summer,47.20459,35.53101,11.65061,6,10.0,987.8,722
40.67,-86.15,239,8,13,Summer,63.92212,28.36311,2.77651,10,10.0,986.8,200
40.67,-86.15,239,8,10,Summer,77.93579,27.14455,3.00523,6,10.0,987.2,6
40.67,-86.15,239,8,11,Summer,75.07324,26.47987,3.44697,10,10.0,983.9,722
40.67,-86.15,239,8,11,Summer,56.23169,35.5159,12.02967,17,10.0,988.5,722
40.67,-86.15,239,8,10,Summer,57.38525,34.19159,10.13473,18,10.0,987.5,722
40.67,-86.15,239,8,10,Summer,48.01025,29.05045,10.85547,7,10.0,993.5,722
40.67,-86.15,239,9,10,Fall,71.46606,28.47389,2.70281,8,10.0,990.2,722
40.67,-86.15,239,9,14,Fall,36.36475,41.34438,1.22348,8,10.0,994.1,722
40.67,-86.15,239,9,14,Fall,28.00293,45.81078,0.71989,13,10.0,990.8,722
40.67,-86.15,239,9,10,Fall,43.25562,34.16138,11.60156,0,10.0,993.1,722
40.67,-86.15,239,9,14,Fall,38.67798,34.18907,22.93734,8,10.0,992.8,37
40.67,-86.15,239,9,15,Fall,26.00098,45.1738,12.65996,7,10.0,991.5,722
40.67,-86.15,239,9,10,Fall,54.03442,23.89671,5.53738,8,10.0,992.8,722
40.67,-86.15,239,9,13,Fall,30.28564,32.94281,15.69584,8,10.0,990.5,722
40.67,-86.15,239,9,12,Fall,30.62744,33.60245,13.52543,10,10.0,990.2,722
40.67,-86.15,239,10,10,Fall,66.10107,29.11087,4.92852,10,10.0,987.5,722
41.15,-111.99,1370,6,14,Summer,9.3689,55.48126,20.10744,6,10.0,852.2,722
41.15,-111.99,1370,7,13,Summer,8.60596,49.683,21.34001,0,10.0,854.3,722
41.15,-111.99,1370,7,14,Summer,5.82886,59.93759,19.42933,6,10.0,856.6,722
41.15,-111.99,1370,7,10,Summer,28.05176,28.38829,7.24805,23,10.0,859.3,722
41.15,-111.99,1370,7,12,Summer,15.81421,42.56798,19.49965,13,10.0,858.4,722
41.15,-111.99,1370,7,13,Summer,10.62012,51.58638,18.94879,3,10.0,857.2,722
41.15,-111.99,1370,7,10,Summer,28.17383,31.62102,14.23839,17,10.0,858.4,722
41.15,-111.99,1370,7,13,Summer,20.15991,40.00999,21.28924,21,10.0,855.5,722
41.15,-111.99,1370,7,11,Summer,56.13403,30.99159,17.42787,5,10.0,859.0,722
41.15,-111.99,1370,8,10,Summer,25.62866,31.01677,15.08289,5,10.0,858.1,722
41.15,-111.99,1370,8,11,Summer,26.28174,32.92015,20.00751,15,10.0,852.8,722
41.15,-111.99,1370,8,14,Summer,15.75317,53.54767,22.25338,0,10.0,856.3,722
41.15,-111.99,1370,8,12,Summer,21.80176,35.47058,21.93165,14,10.0,854.3,722
41.15,-111.99,1370,8,15,Summer,8.58154,55.42084,21.59058,9,10.0,852.8,722
41.15,-111.99,1370,8,13,Summer,12.29858,46.52328,22.06919,6,10.0,854.6,722
41.15,-111.99,1370,8,13,Summer,15.71655,47.70912,21.66408,0,10.0,857.2,722
41.15,-111.99,1370,8,10,Summer,28.17383,32.31842,15.79894,7,10.0,857.8,722
41.15,-111.99,1370,8,10,Summer,21.14258,29.06052,14.80159,18,10.0,858.1,722
41.15,-111.99,1370,8,14,Summer,7.26318,58.02666,21.01696,5,10.0,857.5,722
41.15,-111.99,1370,9,15,Fall,7.37305,53.48724,16.50938,9,10.0,856.9,722
41.15,-111.99,1370,9,11,Fall,21.875,36.05972,6.93288,6,10.0,854.9,722
41.15,-111.99,1370,9,14,Fall,13.77563,52.8553,17.98776,3,10.0,860.2,722
41.15,-111.99,1370,9,15,Fall,18.89648,31.61346,21.58981,21,10.0,847.2,100
41.15,-111.99,1370,9,12,Fall,21.27686,27.71355,20.25203,11,10.0,848.4,722
41.15,-111.99,1370,9,14,Fall,90.00854,12.99255,1.35679,7,10.0,851.9,722
41.15,-111.99,1370,10,14,Fall,19.66553,28.4613,19.64196,28,10.0,856.3,722
41.15,-111.99,1370,10,15,Fall,19.9646,30.34454,17.58506,24,10.0,856.9,722
41.15,-111.99,1370,10,11,Fall,21.48438,20.05219,13.96993,15,10.0,850.8,722
41.15,-111.99,1370,10,15,Fall,6.73218,41.95618,15.2991,5,10.0,865.4,722
41.15,-111.99,1370,10,11,Fall,15.41748,25.79758,12.86946,7,10.0,858.7,722
41.15,-111.99,1370,10,11,Fall,20.64819,17.51183,11.38045,8,10.0,862.8,722
41.15,-111.99,1370,10,10,Fall,42.32788,17.48413,6.2578,0,10.0,869.0,722
41.15,-111.99,1370,10,10,Fall,39.17847,12.97493,3.38436,3,10.0,856.0,70
41.15,-111.99,1370,10,11,Fall,40.88135,11.02623,2.20926,20,10.0,850.5,190
41.15,-111.99,1370,10,13,Fall,24.16992,19.38751,11.53999,31,10.0,849.9,722
41.15,-111.99,1370,10,14,Fall,27.66113,16.72127,7.43617,26,10.0,849.3,210
41.15,-111.99,1370,11,14,Fall,31.2561,20.71434,8.0433,9,10.0,849.0,110
41.15,-111.99,1370,11,13,Fall,73.38867,10.41191,4.64507,7,10.0,848.1,70
41.15,-111.99,1370,11,11,Fall,81.20117,7.84134,2.49834,8,10.0,850.2,19
41.15,-111.99,1370,11,13,Fall,11.40747,32.24541,15.86141,5,10.0,852.5,722
41.15,-111.99,1370,11,14,Fall,11.01685,40.04524,15.20894,0,10.0,856.9,722
41.15,-111.99,1370,11,13,Fall,27.52686,23.91937,15.23811,9,10.0,858.1,722
41.15,-111.99,1370,11,12,Fall,35.71777,13.58925,6.86204,13,10.0,854.6,110
41.15,-111.99,1370,11,12,Fall,46.33179,16.73386,4.99725,0,10.0,854.0,90
41.15,-111.99,1370,11,15,Fall,21.51489,33.52188,12.66119,8,10.0,854.3,95
41.15,-111.99,1370,12,14,Winter,17.52319,36.13525,11.95968,0,10.0,856.3,722
41.15,-111.99,1370,12,12,Winter,26.59302,24.506,11.4403,10,10.0,855.5,722
41.15,-111.99,1370,12,14,Winter,9.77173,32.87231,13.23292,0,10.0,869.9,722
41.15,-111.99,1370,12,12,Winter,19.07959,18.07076,11.50711,15,10.0,871.0,722
41.15,-111.99,1370,12,14,Winter,14.52026,33.59993,12.00045,0,10.0,855.2,722
41.15,-111.99,1370,12,15,Winter,12.39624,34.90158,11.93074,0,10.0,860.2,722
41.15,-111.99,1370,1,10,Winter,63.98926,-3.12073,2.14634,14,10.0,861.3,722
41.15,-111.99,1370,1,11,Winter,76.85547,3.93639,2.46316,6,10.0,855.5,45
41.15,-111.99,1370,1,11,Winter,68.64014,4.48021,5.20781,13,10.0,855.5,200
41.15,-111.99,1370,1,15,Winter,15.08179,32.89497,13.06501,0,10.0,860.2,722
41.15,-111.99,1370,1,14,Winter,23.79761,16.84212,3.27248,5,10.0,857.2,55
41.15,-111.99,1370,1,14,Winter,51.9043,4.4928,5.243,9,10.0,860.2,50
41.15,-111.99,1370,1,12,Winter,44.82422,10.27596,8.83267,14,10.0,855.2,722
41.15,-111.99,1370,2,12,Winter,51.7334,10.4245,7.74178,8,10.0,853.4,150
41.15,-111.99,1370,2,13,Winter,31.69556,14.18343,15.79037,6,10.0,864.9,60
41.15,-111.99,1370,2,15,Winter,24.08447,21.25313,12.16324,11,10.0,850.8,200
41.15,-111.99,1370,2,10,Winter,72.24731,2.69012,2.49834,0,10.0,854.0,60
41.15,-111.99,1370,3,14,Spring,31.89087,23.8665,23.84824,5,10.0,854.0,722
41.15,-111.99,1370,3,12,Spring,35.19287,18.79837,23.10957,0,10.0,858.7,722
41.15,-111.99,1370,3,11,Spring,41.41235,15.58327,7.03839,25,10.0,845.8,90
41.15,-111.99,1370,3,15,Spring,90.87524,12.33543,5.80667,11,10.0,843.1,170
41.15,-111.99,1370,5,10,Spring,52.11182,17.38342,13.72369,5,10.0,848.7,170
41.15,-111.99,1370,5,15,Spring,23.04077,33.62259,10.29059,8,10.0,857.8,722
41.15,-111.99,1370,5,15,Spring,12.74414,43.23517,22.11385,8,10.0,861.0,722
41.15,-111.99,1370,5,10,Spring,31.7627,25.22102,8.30577,14,10.0,856.0,722
41.15,-111.99,1370,5,11,Spring,26.83716,29.09576,9.35711,0,10.0,853.1,140
41.15,-111.99,1370,5,11,Spring,95.38574,8.41034,2.78,9,10.0,845.5,6
41.15,-111.99,1370,5,14,Spring,93.87207,7.85141,7.0024,6,10.0,848.1,10
41.15,-111.99,1370,5,15,Spring,13.47046,41.86302,24.54213,7,10.0,854.9,722
41.15,-111.99,1370,5,14,Spring,14.2334,37.47467,23.58717,7,10.0,850.8,722
41.15,-111.99,1370,5,13,Spring,37.30469,26.53275,8.35116,8,10.0,851.6,75
41.15,-111.99,1370,5,12,Spring,34.00879,29.71008,29.01239,9,10.0,853.1,50
41.15,-111.99,1370,5,12,Spring,21.5271,35.42274,22.40827,3,10.0,848.1,722
41.15,-111.99,1370,6,10,Summer,25.62866,28.4613,15.39752,18,10.0,852.8,722
41.15,-111.99,1370,6,13,Summer,15.08789,36.10756,23.8241,8,10.0,851.9,722
41.15,-111.99,1370,6,12,Summer,10.89478,33.53195,21.36754,23,10.0,849.0,722
41.15,-111.99,1370,6,15,Summer,10.21118,45.20653,13.27001,7,10.0,845.2,722
41.15,-111.99,1370,6,10,Summer,27.90527,28.38074,15.1021,22,10.0,845.8,722
41.15,-111.99,1370,6,13,Summer,23.22388,30.95634,25.85599,9,10.0,856.3,722
41.15,-111.99,1370,6,14,Summer,18.60962,36.13525,24.2613,13,10.0,856.0,722
41.15,-111.99,1370,6,10,Summer,27.78931,30.30174,13.53696,8,10.0,856.3,722
41.15,-111.99,1370,6,12,Summer,13.12866,40.59158,20.67071,6,10.0,854.3,722
41.15,-111.99,1370,6,13,Summer,12.09106,43.23013,21.83303,7,10.0,852.8,722
41.15,-111.99,1370,6,12,Summer,9.93042,36.20323,21.9967,20,10.0,847.2,722
41.15,-111.99,1370,7,13,Summer,11.51123,43.82935,22.28157,7,10.0,858.1,722
41.15,-111.99,1370,7,12,Summer,15.99121,47.7066,19.91656,7,10.0,857.8,722
41.15,-111.99,1370,7,15,Summer,10.01587,53.57536,20.78787,10,10.0,856.9,722
41.15,-111.99,1370,7,10,Summer,22.40601,32.96799,14.75908,13,10.0,858.1,722
41.15,-111.99,1370,7,13,Summer,10.22339,48.43422,21.23304,7,10.0,856.3,722
41.15,-111.99,1370,7,13,Summer,14.84375,45.22919,19.66022,7,10.0,855.5,722
41.15,-111.99,1370,7,11,Summer,38.87329,28.36815,3.5716,10,10.0,859.6,85
41.15,-111.99,1370,7,13,Summer,81.35986,23.84132,3.41381,3,10.0,860.4,90
41.15,-111.99,1370,7,15,Summer,7.8125,61.28456,20.38293,7,10.0,858.4,722
41.15,-111.99,1370,7,12,Summer,13.92822,45.74028,19.05044,5,10.0,856.0,722
41.15,-111.99,1370,7,15,Summer,7.95288,56.06285,19.88783,14,10.0,854.9,722
41.15,-111.99,1370,8,12,Summer,10.83984,41.88568,19.7053,0,10.0,856.6,722
41.15,-111.99,1370,8,12,Summer,11.25488,43.85956,19.5648,3,10.0,857.2,722
41.15,-111.99,1370,8,13,Summer,9.31396,48.4594,20.96238,0,10.0,856.9,722
41.15,-111.99,1370,8,14,Summer,8.5083,47.04948,20.79578,6,10.0,856.6,722
41.15,-111.99,1370,8,13,Summer,8.78906,49.70818,19.39028,0,10.0,856.0,722
41.15,-111.99,1370,8,13,Summer,13.39111,44.47639,19.61393,0,10.0,854.9,722
41.15,-111.99,1370,8,10,Summer,30.75562,29.08318,11.49805,3,10.0,858.1,150
41.15,-111.99,1370,8,14,Summer,18.71948,32.93022,9.25338,15,10.0,851.6,120
41.15,-111.99,1370,8,13,Summer,18.10303,41.88568,20.07216,0,10.0,855.2,722
41.15,-111.99,1370,8,15,Summer,8.12988,56.05278,20.46052,8,10.0,852.5,722
41.15,-111.99,1370,8,12,Summer,16.94946,38.03864,21.94304,7,10.0,851.3,722
41.15,-111.99,1370,8,15,Summer,9.29565,46.3974,20.72885,3,10.0,856.6,722
41.15,-111.99,1370,8,13,Summer,19.15894,32.95036,21.68325,7,10.0,855.5,722
41.15,-111.99,1370,9,12,Fall,14.15405,36.15288,16.80483,6,10.0,855.5,722
41.15,-111.99,1370,9,14,Fall,8.30688,45.16624,19.63014,3,10.0,849.6,722
41.15,-111.99,1370,9,14,Fall,11.24878,29.66225,19.46658,9,10.0,854.0,722
41.15,-111.99,1370,10,11,Fall,45.86792,22.61269,4.08226,7,10.0,851.6,100
41.15,-111.99,1370,10,14,Fall,45.95947,27.16972,6.01887,7,10.0,849.3,80
41.15,-111.99,1370,10,10,Fall,90.92407,14.14566,7.70616,18,10.0,849.6,47
26.98,-80.11,2,5,10,Spring,57.78809,35.4303,8.19077,9,10.0,1019.6,190
26.98,-80.11,2,6,10,Summer,58.02612,34.85374,12.26774,5,10.0,1015.2,47
26.98,-80.11,2,6,11,Summer,74.83521,31.05202,8.76305,11,10.0,1015.2,33
26.98,-80.11,2,6,15,Summer,74.21875,29.70001,10.67111,9,8.0,1014.2,85
26.98,-80.11,2,6,11,Summer,61.04126,34.19411,28.2557,20,10.0,1009.1,21
26.98,-80.11,2,6,10,Summer,54.73022,36.20827,21.46312,11,10.0,1016.9,722
26.98,-80.11,2,6,11,Summer,65.34424,32.26807,12.11375,6,10.0,1015.2,250
26.98,-80.11,2,6,13,Summer,47.94922,38.76122,26.77004,13,10.0,1014.9,33
26.98,-80.11,2,6,15,Summer,58.78296,36.14281,9.15559,21,10.0,1014.2,80
26.98,-80.11,2,6,14,Summer,46.20972,41.2915,27.29528,14,10.0,1016.2,722
26.98,-80.11,2,7,13,Summer,40.41748,41.99394,28.55802,7,10.0,1018.9,50
26.98,-80.11,2,7,11,Summer,44.17114,39.36295,24.61415,8,10.0,1018.6,110
26.98,-80.11,2,7,14,Summer,37.40845,41.2915,26.17872,9,10.0,1018.5,722
26.98,-80.11,2,7,11,Summer,82.07397,29.71764,4.85731,8,10.0,1018.2,41
26.98,-80.11,2,7,10,Summer,54.10767,37.39159,20.7421,8,10.0,1016.2,722
26.98,-80.11,2,7,10,Summer,52.13623,38.71338,23.53404,8,10.0,1018.9,33
26.98,-80.11,2,7,14,Summer,46.98486,41.21597,26.63068,16,6.9,1018.9,28
26.98,-80.11,2,7,14,Summer,47.97363,40.60669,8.54081,9,7.0,1019.3,75
26.98,-80.11,2,7,14,Summer,80.59082,30.92865,7.43652,9,10.0,1017.9,180
26.98,-80.11,2,7,13,Summer,51.49536,39.36043,23.88617,17,0.5,1019.6,4
26.98,-80.11,2,7,10,Summer,58.02002,36.74957,16.18945,0,10.0,1018.9,220
26.98,-80.11,2,7,13,Summer,50.354,40.71495,21.36906,14,10.0,1019.6,180
26.98,-80.11,2,7,13,Summer,39.54468,42.64854,31.76329,9,7.0,1012.8,24
26.98,-80.11,2,8,15,Summer,65.25879,32.31339,8.77263,14,10.0,1016.9,60
26.98,-80.11,2,8,12,Summer,42.46216,42.57805,27.05938,5,10.0,1019.3,722
26.98,-80.11,2,8,11,Summer,42.49268,40.69481,23.81687,13,10.0,1018.9,250
26.98,-80.11,2,8,13,Summer,45.22095,41.34941,26.50663,15,10.0,1018.2,27
26.98,-80.11,2,8,15,Summer,45.34912,40.71747,23.44497,11,10.0,1016.9,722
26.98,-80.11,2,8,10,Summer,55.29785,37.47719,19.76668,0,10.0,1016.2,722
26.98,-80.11,2,8,13,Summer,80.82886,30.28915,6.59187,9,7.0,1017.6,29
26.98,-80.11,2,8,15,Summer,56.2561,34.18655,6.9231,22,10.0,1011.5,48
26.98,-80.11,2,8,10,Summer,49.57886,39.28741,19.29685,7,10.0,1014.9,722
26.98,-80.11,2,8,13,Summer,46.51489,41.34689,29.7191,7,10.0,1014.2,722
26.98,-80.11,2,9,11,Fall,40.43579,44.52171,25.1459,3,10.0,1018.9,722
26.98,-80.11,2,9,15,Fall,60.65063,34.2646,7.82032,11,10.0,1016.5,30
26.98,-80.11,2,9,11,Fall,61.14502,37.40669,20.23578,21,10.0,1008.1,34
26.98,-80.11,2,9,12,Fall,37.06055,42.58308,13.93291,11,10.0,1011.8,34
26.98,-80.11,2,9,12,Fall,37.92114,44.44366,28.04702,15,10.0,1015.5,722
26.98,-80.11,2,9,14,Fall,42.79785,43.83186,25.02708,11,10.0,1014.2,34
26.98,-80.11,2,9,15,Fall,40.99121,41.91338,23.84334,7,10.0,1013.8,31
26.98,-80.11,2,9,13,Fall,52.7771,37.37648,8.72844,6,10.0,1011.5,722
26.98,-80.11,2,9,11,Fall,49.76196,39.3,9.71845,5,10.0,1014.2,722
26.98,-80.11,2,10,11,Fall,77.12402,29.75288,14.97819,18,5.0,1018.2,25
26.98,-80.11,2,10,10,Fall,99.98779,25.19836,6.36394,5,10.0,1012.5,37
26.98,-80.11,2,10,15,Fall,41.11328,42.64603,21.05925,15,10.0,1013.2,722
26.98,-80.11,2,10,10,Fall,44.83643,40.03014,19.40147,16,10.0,1016.5,722
26.98,-80.11,2,10,12,Fall,70.09277,33.62259,30.25717,17,10.0,1015.2,29
26.98,-80.11,2,11,15,Fall,34.82666,43.17726,16.28002,11,10.0,1014.2,722
26.98,-80.11,2,11,12,Fall,47.99194,37.48474,23.42021,9,10.0,1017.2,722
26.98,-80.11,2,11,15,Fall,42.40723,38.78387,10.47989,10,10.0,1014.9,722
26.98,-80.11,2,11,15,Fall,31.00586,47.15523,19.52462,10,10.0,1013.8,250
26.98,-80.11,2,11,12,Fall,39.18457,35.48569,24.04523,13,10.0,1018.2,722
26.98,-80.11,2,11,11,Fall,57.25098,31.61095,7.39904,10,10.0,1012.5,28
26.98,-80.11,2,11,13,Fall,30.15137,43.1546,23.1435,9,10.0,1011.5,722
26.98,-80.11,2,11,12,Fall,38.7085,36.13274,22.79549,3,10.0,1016.9,722
26.98,-80.11,2,11,14,Fall,32.42798,39.36295,16.15478,14,10.0,1016.2,722
26.98,-80.11,2,11,11,Fall,48.37646,32.9277,22.16891,18,10.0,1020.6,150
26.98,-80.11,2,12,13,Winter,89.51416,18.06068,4.76159,15,7.0,1012.8,46
26.98,-80.11,2,12,11,Winter,37.80518,23.22952,21.91539,10,10.0,1025.0,722
26.98,-80.11,2,12,13,Winter,19.97681,34.79836,24.54303,5,10.0,1023.0,722
26.98,-80.11,2,12,13,Winter,31.18286,40.63438,21.80104,5,10.0,1022.6,250
26.98,-80.11,2,12,11,Winter,50.36011,30.99411,15.90621,15,10.0,1024.0,250
26.98,-80.11,2,12,12,Winter,41.26587,35.54108,7.62107,14,10.0,1023.7,22
26.98,-80.11,2,12,13,Winter,39.82544,37.36137,8.46128,14,10.0,1023.3,23
26.98,-80.11,2,12,15,Winter,44.95239,36.79741,7.69179,10,10.0,1021.6,722
26.98,-80.11,2,12,14,Winter,25.62256,47.02431,21.51541,7,10.0,1022.3,722
26.98,-80.11,2,1,13,Winter,17.96265,29.64211,25.25576,14,10.0,1020.3,722
26.98,-80.11,2,1,15,Winter,24.68872,32.86728,21.5924,16,10.0,1026.0,722
26.98,-80.11,2,1,11,Winter,46.05713,26.43959,20.36444,9,10.0,1025.7,250
26.98,-80.11,2,1,10,Winter,70.09277,29.01268,4.50618,9,10.0,1017.9,110
26.98,-80.11,2,1,11,Winter,51.35498,30.39238,18.52893,10,10.0,1020.9,26
26.98,-80.11,2,2,12,Winter,33.48999,34.23439,23.84673,15,10.0,1023.7,35
26.98,-80.11,2,2,12,Winter,31.01807,38.67813,20.11806,5,10.0,1022.3,722
26.98,-80.11,2,2,10,Winter,62.23145,28.39081,13.81338,15,10.0,1018.9,31
26.98,-80.11,2,2,10,Winter,68.94531,25.83786,4.28508,15,10.0,1023.7,28
26.98,-80.11,2,2,14,Winter,31.00586,43.283,24.63008,14,10.0,1022.9,722
26.98,-80.11,2,2,10,Winter,46.03882,37.47971,20.54584,18,10.0,1022.3,17
26.98,-80.11,2,2,15,Winter,35.10742,42.51511,22.72551,14,10.0,1028.1,35
26.98,-80.11,2,2,14,Winter,32.42798,43.81424,24.27739,13,10.0,1027.0,722
26.98,-80.11,2,2,15,Winter,23.62061,47.08977,22.05648,7,10.0,1024.3,722
26.98,-80.11,2,2,12,Winter,43.18848,35.52345,24.5258,16,10.0,1025.7,722
26.98,-80.11,2,2,12,Winter,42.10205,36.74706,25.34614,16,10.0,1028.4,722
26.98,-80.11,2,2,13,Winter,39.50806,39.43344,25.0621,13,10.0,1022.0,722
26.98,-80.11,2,3,15,Spring,35.90698,38.76625,7.87716,13,10.0,1015.5,722
26.98,-80.11,2,3,11,Spring,45.22095,36.14281,24.53264,16,10.0,1017.6,722
26.98,-80.11,2,3,13,Spring,39.99023,36.16043,26.07217,15,10.0,1017.6,722
26.98,-80.11,2,3,12,Spring,26.26343,38.65044,16.40842,8,10.0,1017.6,722
26.98,-80.11,2,3,11,Spring,46.13647,36.75461,23.62816,6,10.0,1013.5,50
26.98,-80.11,2,3,11,Spring,41.39404,31.04195,15.78292,10,10.0,1012.5,722
26.98,-80.11,2,3,15,Spring,24.89014,38.08144,24.8159,22,10.0,1012.8,722
26.98,-80.11,2,3,11,Spring,46.07544,34.13368,12.13061,0,10.0,1019.9,65
26.98,-80.11,2,4,15,Spring,38.75122,37.99583,24.5626,13,10.0,1016.9,722
26.98,-80.11,2,4,14,Spring,32.20215,40.03769,26.5278,10,10.0,1016.8,722
26.98,-80.11,2,4,15,Spring,49.97559,36.69922,6.89353,18,10.0,1015.2,722
26.98,-80.11,2,4,14,Spring,43.83545,38.06381,27.07107,18,10.0,1016.8,722
26.98,-80.11,2,4,12,Spring,54.46167,34.88899,32.07423,26,10.0,1016.2,722
26.98,-80.11,2,4,12,Spring,99.98779,27.11182,15.68746,30,2.0,1016.9,28
26.98,-80.11,2,4,13,Spring,38.56201,36.73698,26.7636,15,10.0,1020.9,47
26.98,-80.11,2,5,11,Spring,56.04858,36.11763,26.35719,14,10.0,1015.2,35
26.98,-80.11,2,5,13,Spring,54.36401,36.16547,9.99607,14,10.0,1014.9,28
26.98,-80.11,2,5,10,Spring,81.02417,26.53275,8.06477,13,10.0,1015.9,26
20.89,-156.44,2,11,15,Fall,52.99683,34.13116,11.72134,11,10.0,1011.4,722
20.89,-156.44,2,11,12,Fall,52.52075,30.35965,21.23964,18,10.0,1014.1,722
20.89,-156.44,2,11,13,Fall,48.07739,32.28065,19.5899,18,10.0,1012.4,722
20.89,-156.44,2,11,11,Fall,54.49829,30.93369,18.78806,20,10.0,1013.4,722
20.89,-156.44,2,11,13,Fall,52.79541,31.5757,19.23121,21,10.0,1011.1,722
20.89,-156.44,2,11,15,Fall,53.25928,30.30678,11.66613,22,10.0,1010.1,722
20.89,-156.44,2,11,10,Fall,93.64624,21.9883,1.09076,9,7.0,1016.8,60
20.89,-156.44,2,11,12,Fall,69.14062,26.44211,5.37467,8,10.0,1015.5,70
20.89,-156.44,2,11,13,Fall,52.62451,26.46477,15.0598,22,10.0,1014.1,60
20.89,-156.44,2,11,10,Fall,76.83105,23.88161,8.23323,24,10.0,1016.5,722
20.89,-156.44,2,11,10,Fall,82.44019,23.91937,0.84437,21,10.0,1018.5,45
20.89,-156.44,2,11,15,Fall,68.61572,25.81268,15.90454,24,10.0,1015.1,722
20.89,-156.44,2,11,10,Fall,75.09766,27.70348,13.1503,18,10.0,1014.8,722
20.89,-156.44,2,12,13,Winter,62.90894,25.10521,6.49504,26,10.0,1015.1,65
20.89,-156.44,2,12,10,Winter,58.1604,25.22354,15.88008,16,10.0,1012.8,70
20.89,-156.44,2,12,11,Winter,71.33179,27.78656,3.4388,7,10.0,1013.1,722
20.89,-156.44,2,12,13,Winter,86.30371,23.90175,1.05558,13,10.0,1012.1,55
20.89,-156.44,2,1,14,Winter,53.01514,27.05391,16.92037,20,10.0,1017.5,722
20.89,-156.44,2,1,12,Winter,55.37109,27.11937,20.50735,22,10.0,1018.5,722
20.89,-156.44,2,1,11,Winter,70.44067,25.25375,17.74711,18,10.0,1020.2,722
20.89,-156.44,2,1,12,Winter,56.97632,27.80418,1.75089,13,10.0,1016.1,722
20.89,-156.44,2,1,14,Winter,54.61426,28.44116,16.88943,10,10.0,1014.1,722
20.89,-156.44,2,1,10,Winter,67.77954,27.70851,12.06604,8,10.0,1017.8,722
20.89,-156.44,2,1,12,Winter,66.20483,26.50253,5.61693,21,10.0,1020.2,722
20.89,-156.44,2,1,14,Winter,68.66455,26.47987,12.57275,24,10.0,1016.5,722
20.89,-156.44,2,1,15,Winter,64.45312,27.03377,12.49537,32,10.0,1015.1,722
20.89,-156.44,2,1,12,Winter,59.01489,29.03534,18.83431,20,10.0,1012.8,722
20.89,-156.44,2,1,14,Winter,65.66772,27.74628,17.98347,11,10.0,1005.6,722
20.89,-156.44,2,2,15,Winter,62.76855,29.627,6.70233,10,10.0,1009.7,722
20.89,-156.44,2,3,14,Spring,61.93237,28.44116,12.98274,20,10.0,1014.1,722
20.89,-156.44,2,3,12,Spring,66.91895,24.56139,27.36468,13,10.0,1015.5,65
20.89,-156.44,2,3,11,Spring,58.62427,25.21347,17.75677,21,10.0,1015.8,60
20.89,-156.44,2,3,11,Spring,88.62305,20.62874,3.72971,16,6.0,1017.2,45
20.89,-156.44,2,3,13,Spring,81.95801,22.55478,8.93722,17,8.0,1015.8,55
20.89,-156.44,2,3,15,Spring,57.33032,31.68396,8.93227,8,10.0,1012.8,722
20.89,-156.44,2,3,13,Spring,48.15063,31.60843,29.38978,16,10.0,1014.1,722
20.89,-156.44,2,3,15,Spring,56.9519,30.28915,11.9729,14,10.0,1012.4,722
20.89,-156.44,2,4,15,Spring,60.54077,29.7403,2.82346,9,10.0,1013.1,110
20.89,-156.44,2,4,10,Spring,84.25903,25.85548,8.03335,18,9.1,1016.5,12
20.89,-156.44,2,4,13,Spring,66.05835,28.43361,24.39195,18,10.0,1017.5,722
20.89,-156.44,2,4,10,Spring,32.34253,43.14957,22.47348,3,10.0,1016.8,722
20.89,-156.44,2,4,14,Spring,58.56934,29.70001,11.22439,24,10.0,1015.4,722
20.89,-156.44,2,4,10,Spring,30.10864,40.03265,5.80506,3,10.0,1014.4,722
20.89,-156.44,2,4,12,Spring,68.42651,28.39836,11.18428,18,10.0,1015.1,722
20.89,-156.44,2,4,10,Spring,75.28687,23.8237,1.12595,7,10.0,1012.8,55
20.89,-156.44,2,5,11,Spring,78.95508,27.69089,3.41284,16,10.0,1015.5,722
20.89,-156.44,2,5,11,Spring,58.14209,30.25894,13.90637,16,10.0,1015.8,50
20.89,-156.44,2,5,12,Spring,63.56201,29.74785,30.42544,24,10.0,1016.5,722
20.89,-156.44,2,5,11,Spring,53.43628,32.91763,23.71315,17,10.0,1014.4,722
20.89,-156.44,2,5,10,Spring,44.52515,32.83455,21.20477,16,10.0,1017.8,722
20.89,-156.44,2,5,11,Spring,52.771,30.97397,24.36707,25,10.0,1017.5,722
20.89,-156.44,2,5,12,Spring,57.01294,30.27908,27.24377,18,10.0,1016.8,722
20.89,-156.44,2,5,10,Spring,55.41382,31.04698,19.55424,22,10.0,1016.5,722
20.89,-156.44,2,5,15,Spring,59.77783,30.26901,15.94828,22,10.0,1014.4,722
20.89,-156.44,2,5,15,Spring,53.50952,30.39993,16.5805,24,10.0,1013.8,722
20.89,-156.44,2,6,13,Summer,59.46045,30.94124,24.59925,28,10.0,1017.5,722
20.89,-156.44,2,6,11,Summer,56.71387,33.62259,23.2465,16,10.0,1017.5,722
20.89,-156.44,2,6,11,Summer,42.40112,36.81503,23.21298,18,10.0,1018.2,722
47.52,-111.18,1043,11,13,Fall,27.27051,8.47328,2.70901,25,10.0,895.1,722
47.52,-111.18,1043,11,15,Fall,28.96118,7.8363,2.74419,23,10.0,899.1,722
47.52,-111.18,1043,12,14,Winter,33.25195,9.71199,2.63864,15,10.0,908.2,722
47.52,-111.18,1043,12,15,Winter,33.14819,9.6843,2.77937,22,10.0,907.3,722
47.52,-111.18,1043,1,15,Winter,60.15625,7.1666,2.84974,14,10.0,898.7,70
47.52,-111.18,1043,1,14,Winter,35.02808,5.88257,2.99046,22,10.0,898.1,722
47.52,-111.18,1043,1,11,Winter,41.77246,7.83882,2.99046,16,10.0,889.9,722
47.52,-111.18,1043,1,14,Winter,29.14429,9.05991,5.59392,22,10.0,885.9,722
47.52,-111.18,1043,1,11,Winter,67.44995,-2.52151,3.76425,16,10.0,895.1,10
47.52,-111.18,1043,2,11,Winter,71.20972,-13.53394,4.71384,16,3.0,900.3,16
47.52,-111.18,1043,2,13,Winter,58.57544,-12.22473,4.50303,15,10.0,901.8,40
47.52,-111.18,1043,2,14,Winter,59.35669,-12.82394,4.53821,11,10.0,901.8,43
47.52,-111.18,1043,2,14,Winter,53.77197,-6.41136,7.98629,5,10.0,902.7,75
47.52,-111.18,1043,2,13,Winter,67.12036,-1.18965,3.44783,9,6.2,896.9,40
47.52,-111.18,1043,2,13,Winter,71.98486,-8.96683,4.01051,10,1.0,900.9,14
47.52,-111.18,1043,2,14,Winter,72.79053,-10.30121,4.18641,11,0.0,901.5,20
47.52,-111.18,1043,2,14,Winter,68.2251,-9.64157,4.08087,8,0.0,901.8,15
47.52,-111.18,1043,2,14,Winter,69.56177,-9.64912,4.08087,10,1.0,902.1,15
47.52,-111.18,1043,2,12,Winter,58.62427,-12.17941,4.32713,7,10.0,905.2,722
47.52,-111.18,1043,2,11,Winter,39.44702,5.83977,3.16637,17,10.0,885.3,722
47.52,-111.18,1043,2,14,Winter,47.5647,6.45409,2.95528,14,10.0,885.6,70
47.52,-111.18,1043,2,10,Winter,66.35132,-10.86266,4.22159,20,10.0,895.7,722
47.52,-111.18,1043,3,11,Spring,38.87939,4.62624,3.06083,14,10.0,889.6,65
47.52,-111.18,1043,3,11,Spring,82.95288,-6.36604,3.79943,3,7.0,892.6,722
47.52,-111.18,1043,3,14,Spring,47.43042,6.52962,19.63374,14,10.0,897.2,722
47.52,-111.18,1043,3,12,Spring,44.57397,5.90523,11.8218,16,10.0,897.2,722
47.52,-111.18,1043,3,10,Spring,61.9812,1.32553,3.23674,0,10.0,900.9,722
47.52,-111.18,1043,3,13,Spring,42.96875,9.14299,14.13183,5,10.0,901.5,722
47.52,-111.18,1043,3,10,Spring,78.74756,1.29784,3.44783,5,4.0,903.3,722
47.52,-111.18,1043,3,11,Spring,64.14185,4.47266,8.72511,5,6.0,897.8,722
47.52,-111.18,1043,3,15,Spring,46.51489,8.33984,12.19631,8,10.0,884.1,120
47.52,-111.18,1043,3,10,Spring,96.22192,1.89957,3.48281,14,3.0,881.9,3
47.52,-111.18,1043,3,11,Spring,93.01758,2.67502,3.41265,14,10.0,882.2,15
47.52,-111.18,1043,3,11,Spring,64.54468,5.83977,3.16637,0,9.1,896.0,722
47.52,-111.18,1043,3,13,Spring,50.83618,11.01616,13.29534,9,10.0,889.3,722
47.52,-111.18,1043,3,14,Spring,40.90576,13.55652,20.61626,5,10.0,893.6,55
47.52,-111.18,1043,4,12,Spring,59.0271,1.96503,3.41265,7,0.0,902.1,14
47.52,-111.18,1043,4,13,Spring,60.66895,2.62718,4.96065,7,2.5,902.1,25
47.52,-111.18,1043,4,11,Spring,54.58984,-0.6559,2.95545,6,0.0,901.8,28
47.52,-111.18,1043,4,14,Spring,41.42456,9.73969,8.12656,3,10.0,889.6,10
47.52,-111.18,1043,4,10,Spring,51.67847,9.72206,11.953,17,10.0,898.1,722
47.52,-111.18,1043,4,15,Spring,16.4917,16.10947,18.15039,8,10.0,900.3,722
47.52,-111.18,1043,4,12,Spring,29.87061,15.52536,13.84116,5,10.0,898.7,722
47.52,-111.18,1043,4,15,Spring,29.46777,15.46997,7.31784,8,10.0,907.6,47
47.52,-111.18,1043,4,12,Spring,19.87305,24.55635,18.75181,9,10.0,895.4,722
47.52,-111.18,1043,4,12,Spring,21.28296,27.11433,19.87629,9,10.0,884.1,722
47.52,-111.18,1043,5,15,Spring,17.99316,26.40938,4.94535,22,10.0,897.8,722
47.52,-111.18,1043,5,10,Spring,99.98779,5.89264,3.20137,15,7.0,894.5,6
47.52,-111.18,1043,5,15,Spring,29.77295,23.27736,19.40883,3,10.0,897.5,722
47.52,-111.18,1043,5,14,Spring,99.98779,7.07848,3.09583,15,10.0,901.5,6
47.52,-111.18,1043,5,15,Spring,99.50562,7.70287,2.95511,10,10.0,901.5,7
47.52,-111.18,1043,5,14,Spring,48.59009,16.82953,6.01645,0,10.0,900.0,37
47.52,-111.18,1043,5,13,Spring,27.56348,29.10835,20.82386,0,10.0,893.2,722
47.52,-111.18,1043,6,14,Summer,22.14355,24.58405,21.58669,16,10.0,900.6,722
47.52,-111.18,1043,6,15,Summer,19.60449,26.48491,20.22029,9,10.0,900.3,722
47.52,-111.18,1043,6,15,Summer,15.82031,37.41173,19.69273,6,10.0,894.8,722
47.52,-111.18,1043,6,14,Summer,12.76855,34.20418,20.60515,5,10.0,892.0,722
47.52,-111.18,1043,6,10,Summer,30.56641,30.35965,14.04318,3,10.0,887.1,722
47.52,-111.18,1043,6,15,Summer,26.08032,18.70522,22.31736,17,10.0,889.3,722
47.52,-111.18,1043,6,11,Summer,17.54761,26.39175,6.76976,10,10.0,889.9,722
47.52,-111.18,1043,6,12,Summer,15.12451,27.18987,23.99751,15,10.0,889.0,722
47.52,-111.18,1043,6,14,Summer,73.73047,18.10852,8.87585,8,10.0,898.1,55
47.52,-111.18,1043,6,15,Summer,93.14575,14.93622,2.42755,11,10.0,898.1,15
47.52,-111.18,1043,6,11,Summer,69.85474,20.04967,20.70612,11,10.0,898.1,17
47.52,-111.18,1043,6,15,Summer,46.95435,25.86807,8.41398,5,10.0,897.2,100
47.52,-111.18,1043,6,12,Summer,32.68433,30.30174,10.59584,17,10.0,889.6,722
47.52,-111.18,1043,6,14,Summer,12.19482,29.07814,21.93714,10,10.0,891.4,722
47.52,-111.18,1043,7,13,Summer,38.91602,16.8396,2.11104,9,10.0,895.4,55
47.52,-111.18,1043,7,14,Summer,57.68433,15.44731,2.60346,10,10.0,895.7,49
47.52,-111.18,1043,7,11,Summer,21.33789,32.24541,16.93513,14,10.0,894.8,722
47.52,-111.18,1043,8,12,Summer,9.27124,32.98309,18.27895,7,10.0,892.0,722
47.52,-111.18,1043,8,12,Summer,37.05444,29.60938,15.44236,0,6.0,894.8,722
47.52,-111.18,1043,8,13,Summer,30.68237,27.78152,16.13742,14,10.0,894.5,722
47.52,-111.18,1043,8,13,Summer,36.77368,20.72945,18.86752,16,10.0,896.3,722
47.52,-111.18,1043,8,12,Summer,27.80151,24.57649,16.76107,17,10.0,892.3,722
47.52,-111.18,1043,9,10,Fall,41.61377,20.01945,8.19613,0,10.0,900.6,100
47.52,-111.18,1043,9,11,Fall,49.40186,15.45738,2.82184,5,10.0,899.7,9
47.52,-111.18,1043,9,14,Fall,51.75171,16.79176,16.97556,11,10.0,897.8,722
47.52,-111.18,1043,9,15,Fall,48.70605,18.13622,13.38847,11,10.0,897.2,722
33.9,-117.26,458,7,12,Summer,16.21704,39.33273,21.03669,9,10.0,961.4,722
33.9,-117.26,458,7,12,Summer,19.08569,40.68222,19.99404,6,10.0,960.1,722
33.9,-117.26,458,7,13,Summer,29.37012,37.40417,24.93831,9,10.0,960.1,722
33.9,-117.26,458,7,11,Summer,33.47778,36.16295,18.29204,5,10.0,961.1,722
33.9,-117.26,458,7,13,Summer,30.29175,37.40669,20.43767,13,10.0,960.5,722
33.9,-117.26,458,7,11,Summer,30.2063,35.47813,19.11942,10,10.0,958.8,722
33.9,-117.26,458,8,10,Summer,32.37305,34.24698,15.60776,3,10.0,958.2,722
33.9,-117.26,458,8,15,Summer,16.13159,40.02007,17.55991,8,10.0,957.6,722
33.9,-117.26,458,8,13,Summer,27.47803,35.46806,19.92167,8,10.0,960.5,722
33.9,-117.26,458,8,14,Summer,37.28027,33.54958,18.42489,8,10.0,955.6,722
33.9,-117.26,458,8,13,Summer,23.81592,40.63438,18.82632,8,10.0,958.8,722
33.9,-117.26,458,8,10,Summer,21.91772,38.70834,13.15877,0,10.0,959.8,722
33.9,-117.26,458,8,10,Summer,19.71436,40.65704,12.36603,3,10.0,957.2,722
33.9,-117.26,458,8,14,Summer,11.7981,47.13509,17.04897,20,10.0,953.3,722
33.9,-117.26,458,9,13,Fall,30.84717,40.64194,18.23983,14,10.0,958.5,722
33.9,-117.26,458,9,11,Fall,33.92334,38.0764,16.48907,3,10.0,961.1,722
33.9,-117.26,458,9,13,Fall,21.45996,38.11417,18.2436,13,10.0,959.8,722
33.9,-117.26,458,9,12,Fall,30.66406,32.9277,13.43061,3,10.0,958.8,36
33.9,-117.26,458,9,15,Fall,37.65869,32.21771,15.3102,10,10.0,957.9,722
33.9,-117.26,458,9,13,Fall,24.91455,30.95634,17.69573,5,10.0,955.6,722
33.9,-117.26,458,10,14,Fall,6.9397,37.3941,15.59535,7,10.0,956.9,722
33.9,-117.26,458,10,11,Fall,5.30396,37.35886,14.47407,0,10.0,960.8,722
33.9,-117.26,458,10,11,Fall,3.04565,32.94533,14.03961,9,10.0,960.1,722
33.9,-117.26,458,10,11,Fall,9.57031,34.85878,9.82775,3,10.0,958.2,722
33.9,-117.26,458,10,15,Fall,2.34375,35.51338,11.65653,15,10.0,959.8,722
33.9,-117.26,458,10,15,Fall,1.94092,37.38152,11.85642,8,10.0,963.1,722
33.9,-117.26,458,10,14,Fall,12.61597,31.04195,13.14209,7,10.0,961.8,722
33.9,-117.26,458,10,14,Fall,5.40771,38.7587,12.99242,7,10.0,965.0,722
33.9,-117.26,458,10,11,Fall,10.38818,38.06633,9.46013,9,10.0,965.0,722
33.9,-117.26,458,10,10,Fall,59.69849,19.43031,0.55336,5,10.0,957.9,26
33.9,-117.26,458,10,13,Fall,43.43262,24.45816,5.81463,8,10.0,956.9,37
33.9,-117.26,458,10,11,Fall,53.93677,21.99081,6.41727,6,10.0,959.2,30
33.9,-117.26,458,11,12,Fall,22.052,30.27153,8.63129,0,10.0,960.8,722
33.9,-117.26,458,11,14,Fall,11.73096,27.75383,13.97549,9,10.0,961.4,722
33.9,-117.26,458,12,11,Winter,4.11987,20.68161,8.59895,10,10.0,972.1,722
33.9,-117.26,458,12,10,Winter,14.94751,19.4001,4.30051,7,10.0,969.9,722
33.9,-117.26,458,12,13,Winter,4.45557,29.058,13.33275,0,10.0,968.2,722
33.9,-117.26,458,12,13,Winter,2.0752,29.62448,12.88843,10,10.0,967.6,722
33.9,-117.26,458,12,14,Winter,2.17285,29.03786,7.15585,10,10.0,966.9,722
33.9,-117.26,458,12,10,Winter,17.10205,16.22528,5.97783,0,10.0,963.1,722
33.9,-117.26,458,12,10,Winter,21.5271,15.51277,5.04303,0,10.0,962.1,722
33.9,-117.26,458,12,13,Winter,7.69653,27.04384,12.87027,15,10.0,961.4,722
33.9,-117.26,458,12,13,Winter,36.54175,19.33464,4.52144,8,10.0,951.1,100
33.9,-117.26,458,12,10,Winter,47.20459,12.33292,3.97556,0,10.0,966.0,722
33.9,-117.26,458,12,15,Winter,3.86963,25.18578,2.10029,0,10.0,965.0,722
33.9,-117.26,458,12,12,Winter,3.85132,26.38924,11.39208,5,10.0,965.3,722
33.9,-117.26,458,12,10,Winter,28.479,16.18248,4.08081,0,10.0,966.9,722
33.9,-117.26,458,12,15,Winter,9.99146,29.07562,8.85955,0,10.0,963.7,722
33.9,-117.26,458,12,14,Winter,11.23657,28.37318,11.50366,5,10.0,962.4,722
33.9,-117.26,458,1,14,Winter,81.57349,14.82292,17.92749,9,10.0,953.3,29
33.9,-117.26,458,1,12,Winter,74.44458,16.77414,17.66197,6,10.0,962.7,18
33.9,-117.26,458,1,13,Winter,14.03198,29.74281,13.12266,6,10.0,966.3,722
33.9,-117.26,458,1,15,Winter,15.60669,27.0388,10.24599,7,10.0,963.1,722
33.9,-117.26,458,1,14,Winter,40.55786,25.19836,13.52228,0,10.0,958.8,722
33.9,-117.26,458,3,11,Spring,42.26685,20.68161,8.49314,8,10.0,964.0,722
33.9,-117.26,458,3,15,Spring,46.5271,19.38248,3.12284,8,10.0,961.8,42
33.9,-117.26,458,3,10,Spring,8.24585,20.64636,12.40829,7,10.0,964.0,722
33.9,-117.26,458,3,15,Spring,8.88062,27.73621,6.9109,0,10.0,960.8,190
33.9,-117.26,458,3,13,Spring,8.78296,30.25894,13.41057,10,10.0,962.4,722
33.9,-117.26,458,3,10,Spring,60.54688,22.57744,12.53951,0,10.0,963.7,722
33.9,-117.26,458,3,13,Spring,43.02979,21.35384,26.17516,8,10.0,961.1,60
33.9,-117.26,458,3,13,Spring,32.83081,21.92032,21.79249,5,10.0,960.8,722
33.9,-117.26,458,3,15,Spring,37.51221,17.50427,23.7995,10,10.0,959.8,722
33.9,-117.26,458,3,10,Spring,66.34521,13.63205,14.26548,5,10.0,965.0,722
33.9,-117.26,458,3,10,Spring,12.33521,25.84793,9.46193,0,10.0,961.4,722
33.9,-117.26,458,3,14,Spring,27.41089,30.92613,21.3161,6,10.0,963.7,722
33.9,-117.26,458,3,11,Spring,20.34302,33.60748,16.77979,3,10.0,962.7,722
33.9,-117.26,458,4,10,Spring,79.69971,14.78767,2.0664,5,10.0,957.6,9
33.9,-117.26,458,4,12,Spring,32.34253,29.12346,18.69527,3,10.0,960.5,722
33.9,-117.26,458,4,15,Spring,40.24048,31.62354,19.22014,10,10.0,958.8,722
33.9,-117.26,458,4,12,Spring,2.13013,34.15886,14.34315,0,10.0,960.8,250
33.9,-117.26,458,4,14,Spring,9.74121,28.34801,19.1783,7,10.0,964.4,722
33.9,-117.26,458,4,11,Spring,7.04956,36.72691,17.81539,3,10.0,959.2,722
33.9,-117.26,458,4,14,Spring,28.79639,28.39584,19.68825,8,10.0,959.8,722
33.9,-117.26,458,4,11,Spring,27.09351,29.74281,17.88796,3,10.0,959.2,722
33.9,-117.26,458,5,11,Spring,53.88794,23.87909,16.52577,7,10.0,958.5,34
33.9,-117.26,458,6,13,Summer,23.85864,34.76814,20.90543,11,10.0,959.8,722
33.9,-117.26,458,6,13,Summer,11.12061,42.59064,17.37947,9,10.0,954.0,722
33.9,-117.26,458,6,13,Summer,24.50562,33.60245,19.82327,6,10.0,959.2,722
33.9,-117.26,458,6,12,Summer,32.06177,34.21677,19.9503,9,10.0,958.5,722
33.9,-117.26,458,6,13,Summer,19.65332,36.76468,20.50637,8,10.0,959.5,722
33.9,-117.26,458,6,14,Summer,24.31641,36.77727,18.95743,9,10.0,957.6,722
33.9,-117.26,458,6,15,Summer,24.02344,37.37648,17.21816,13,10.0,957.2,722
33.9,-117.26,458,6,11,Summer,33.26416,32.97554,17.72252,0,10.0,959.5,722
33.9,-117.26,458,7,10,Summer,5.82275,47.72171,14.78484,0,10.0,960.1,722
33.9,-117.26,458,7,15,Summer,18.82324,43.26035,7.14006,7,10.0,957.9,180
33.9,-117.26,458,7,11,Summer,19.83032,46.41754,11.19804,0,6.0,960.8,190
33.9,-117.26,458,7,12,Summer,27.81372,38.07137,18.53517,13,10.0,960.8,722
33.9,-117.26,458,7,12,Summer,29.38232,38.1192,17.8741,11,10.0,961.1,722
33.9,-117.26,458,7,12,Summer,23.54736,40.07797,17.97736,10,10.0,959.8,722
33.9,-117.26,458,7,14,Summer,20.11108,44.58969,17.59518,10,10.0,958.5,722
33.9,-117.26,458,7,12,Summer,31.82373,38.7587,16.858,7,10.0,959.2,722
33.9,-117.26,458,8,11,Summer,28.39966,36.70929,14.97021,8,10.0,959.8,722
33.9,-117.26,458,8,12,Summer,18.79883,41.25877,16.79598,9,10.0,958.8,722
33.9,-117.26,458,8,13,Summer,10.97412,46.48804,17.63978,0,10.0,956.3,722
33.9,-117.26,458,8,15,Summer,28.07617,39.96971,13.98735,10,10.0,957.2,722
33.9,-117.26,458,8,15,Summer,28.94897,41.21346,12.16323,0,10.0,957.9,722
33.9,-117.26,458,8,13,Summer,31.604,36.72188,15.92306,8,10.0,961.4,722
33.9,-117.26,458,8,14,Summer,31.34155,37.41173,15.35276,8,10.0,961.1,722
33.9,-117.26,458,8,14,Summer,25.92163,35.4303,16.19092,8,10.0,960.1,722
33.9,-117.26,458,8,14,Summer,22.41211,36.1705,16.02344,7,10.0,958.8,722
33.9,-117.26,458,8,14,Summer,23.34595,37.34879,16.03621,11,10.0,959.2,722
33.9,-117.26,458,9,10,Fall,40.2832,32.28821,10.76684,0,10.0,956.6,722
33.9,-117.26,458,9,12,Fall,36.96899,33.57979,15.38766,8,10.0,955.6,722
33.9,-117.26,458,9,14,Fall,31.5918,36.07735,14.71566,7,10.0,954.6,722
33.9,-117.26,458,9,12,Fall,42.91382,32.88742,15.23202,8,10.0,960.5,722
33.9,-117.26,458,9,14,Fall,13.51318,37.40921,14.04742,9,10.0,957.9,722
33.9,-117.26,458,9,11,Fall,20.07446,38.63281,11.44778,6,10.0,960.5,722
33.9,-117.26,458,9,14,Fall,24.66431,37.42683,12.34165,14,10.0,958.5,722
33.9,-117.26,458,9,11,Fall,44.54956,29.67987,10.79953,0,10.0,959.2,722
44.89,-93.2,246,11,12,Fall,66.39404,3.83316,1.86496,9,10.0,992.8,17
44.89,-93.2,246,11,15,Fall,21.64917,22.64542,2.74481,5,10.0,980.6,722
44.89,-93.2,246,11,14,Fall,44.77539,19.33212,0.80932,11,10.0,965.4,110
44.89,-93.2,246,11,12,Fall,65.72266,7.12631,4.46912,14,10.0,988.5,722
44.89,-93.2,246,11,12,Fall,55.82886,10.4245,1.68902,6,10.0,986.9,200
44.89,-93.2,246,11,15,Fall,32.12891,16.8119,2.95595,25,10.0,984.9,722
44.89,-93.2,246,11,11,Fall,61.62109,3.27423,2.28735,15,10.0,993.8,722
44.89,-93.2,246,12,11,Winter,68.32275,1.34567,0.63338,5,10.0,981.6,15
44.89,-93.2,246,12,12,Winter,41.43066,5.81459,0.8797,6,10.0,989.9,150
44.89,-93.2,246,12,14,Winter,19.75098,7.08855,1.54836,5,10.0,1008.4,722
44.89,-93.2,246,2,11,Winter,88.8916,0.61302,0.80941,11,10.0,981.9,10
44.89,-93.2,246,3,11,Spring,27.83813,16.13968,10.24085,5,10.0,988.9,722
44.89,-93.2,246,4,15,Spring,16.61987,14.80026,18.24749,23,10.0,992.2,722
44.89,-93.2,246,4,15,Spring,13.69019,19.34975,18.18592,14,10.0,990.9,722
44.89,-93.2,246,4,15,Spring,33.05664,12.26242,6.299,7,10.0,993.8,44
44.89,-93.2,246,4,12,Spring,22.46094,26.41693,16.14999,10,10.0,982.9,300
44.89,-93.2,246,4,11,Spring,48.20557,16.77414,8.67312,3,10.0,976.7,160
44.89,-93.2,246,4,14,Spring,15.41748,34.82101,19.8247,10,10.0,991.5,722
44.89,-93.2,246,4,11,Spring,36.18774,20.0119,10.68478,9,10.0,980.6,250
44.89,-93.2,246,4,12,Spring,20.72754,27.79411,19.401,7,10.0,994.2,722
44.89,-93.2,246,7,15,Summer,41.87622,41.36955,23.55927,14,10.0,985.9,250
44.89,-93.2,246,7,14,Summer,53.57056,30.91354,22.44358,17,10.0,986.2,722
44.89,-93.2,246,7,14,Summer,50.5249,32.22778,21.56654,6,10.0,987.6,722
44.89,-93.2,246,7,11,Summer,51.31836,32.95288,20.35149,7,9.1,987.2,722
44.89,-93.2,246,8,12,Summer,52.4231,32.31087,20.33789,13,10.0,982.3,722
44.89,-93.2,246,8,15,Summer,36.49902,38.64792,15.22997,6,7.0,987.2,300
44.89,-93.2,246,8,14,Summer,44.28711,35.45044,19.75749,7,10.0,983.3,722
44.89,-93.2,246,8,15,Summer,60.22949,28.32787,8.5293,14,10.0,984.9,60
44.89,-93.2,246,8,15,Summer,45.11108,32.90504,11.43478,8,10.0,987.2,300
44.89,-93.2,246,8,14,Summer,75.3418,28.47893,7.67916,14,9.1,979.6,30
44.89,-93.2,246,8,10,Summer,65.22217,22.63031,13.6426,13,10.0,990.5,722
44.89,-93.2,246,8,14,Summer,47.75391,29.02023,19.47583,15,10.0,988.5,722
44.89,-93.2,246,9,13,Fall,51.96533,30.31685,5.0999,5,10.0,982.9,75
44.89,-93.2,246,9,10,Fall,68.67065,18.69263,10.7994,8,10.0,987.6,722
44.89,-93.2,246,9,10,Fall,84.83887,11.59523,12.91397,7,10.0,988.9,10
44.89,-93.2,246,9,15,Fall,58.23975,18.7027,5.82594,7,10.0,980.0,150
44.89,-93.2,246,9,12,Fall,49.71924,14.89845,3.62436,14,10.0,991.2,722
44.89,-93.2,246,9,15,Fall,60.00977,15.55557,5.27819,0,10.0,994.2,190
41.13,-95.75,380,4,11,Spring,45.69702,0.03395,2.42838,7,10.0,989.9,50
41.13,-95.75,380,4,14,Spring,21.51489,11.70349,21.96598,10,10.0,986.0,722
41.13,-95.75,380,4,15,Spring,96.98486,-3.84331,2.74513,16,5.0,988.3,21
41.13,-95.75,380,4,10,Spring,61.07178,5.8297,7.74223,8,10.0,987.3,722
41.13,-95.75,380,4,13,Spring,26.64185,19.43283,9.0215,15,10.0,990.2,722
41.13,-95.75,380,4,13,Spring,14.08691,30.36469,22.60135,9,10.0,982.7,722
41.13,-95.75,380,4,11,Spring,44.89746,16.23283,17.26792,11,10.0,976.8,210
41.13,-95.75,380,4,14,Spring,14.69727,31.57318,22.36259,6,10.0,983.7,722
41.13,-95.75,380,5,10,Spring,33.8562,25.09766,15.83963,7,10.0,985.0,722
41.13,-95.75,380,5,15,Spring,26.22681,38.10661,12.26293,14,10.0,970.8,722
41.13,-95.75,380,5,14,Spring,99.98779,14.78516,0.46422,8,10.0,981.0,14
41.13,-95.75,380,6,13,Summer,29.43115,29.7554,23.66881,15,10.0,983.0,722
41.13,-95.75,380,6,14,Summer,45.03784,39.95712,28.63122,13,10.0,974.8,722
41.13,-95.75,380,6,14,Summer,68.96973,29.63455,26.00815,7,10.0,970.8,722
41.13,-95.75,380,6,14,Summer,46.96655,32.32094,24.41253,9,10.0,972.5,50
41.13,-95.75,380,6,12,Summer,51.06201,35.53604,20.07643,16,10.0,969.9,722
41.13,-95.75,380,7,10,Summer,96.65527,22.64793,8.44716,8,10.0,974.8,21
41.13,-95.75,380,7,12,Summer,71.03271,27.07657,24.59527,6,10.0,975.1,722
41.13,-95.75,380,7,12,Summer,42.86499,37.47971,23.01667,7,10.0,979.4,24
41.13,-95.75,380,7,13,Summer,38.21411,38.08647,26.66151,0,10.0,978.7,41
41.13,-95.75,380,7,14,Summer,99.98779,21.32614,1.42726,8,10.0,981.7,722
41.13,-95.75,380,7,11,Summer,67.32788,30.3672,17.50421,8,10.0,979.1,722
41.13,-95.75,380,7,13,Summer,40.20386,36.05469,22.88896,6,10.0,979.1,722
41.13,-95.75,380,7,13,Summer,43.927,31.65123,3.1875,8,10.0,981.7,722
41.13,-95.75,380,8,13,Summer,65.76538,29.11591,12.12977,13,10.0,974.1,200
41.13,-95.75,380,8,11,Summer,95.92896,25.83282,18.6286,8,10.0,978.7,9
41.13,-95.75,380,8,12,Summer,41.68091,33.55209,19.79907,9,10.0,980.4,722
41.13,-95.75,380,8,15,Summer,20.19653,46.50063,19.11601,5,10.0,979.4,722
41.13,-95.75,380,8,14,Summer,88.25073,27.13951,8.5962,0,10.0,975.8,15
41.13,-95.75,380,8,13,Summer,52.91748,32.85217,21.70363,8,10.0,978.1,722
41.13,-95.75,380,8,12,Summer,55.23682,32.95036,17.49331,9,10.0,981.0,722
41.13,-95.75,380,9,12,Fall,99.98779,26.4119,4.64214,5,10.0,977.7,722
41.13,-95.75,380,9,10,Fall,99.98779,22.5724,0.64308,8,10.0,980.7,20
41.13,-95.75,380,9,15,Fall,99.98779,23.20435,0.48501,13,10.0,976.8,10
41.13,-95.75,380,9,10,Fall,78.93066,24.46823,12.4919,7,10.0,987.6,11
41.13,-95.75,380,9,11,Fall,68.70728,27.17728,13.42194,10,10.0,987.6,722
41.13,-95.75,380,9,14,Fall,38.63525,34.23943,21.76748,16,10.0,979.1,722
41.13,-95.75,380,9,12,Fall,63.69629,18.0909,14.72132,11,10.0,985.0,29
41.13,-95.75,380,9,15,Fall,32.60498,27.7916,16.80824,11,10.0,986.0,722
41.13,-95.75,380,9,11,Fall,99.98779,13.56155,1.61662,11,9.1,977.1,9
38.82,-104.71,1879,6,13,Summer,4.24194,44.47891,23.04085,18,9.1,808.0,200
38.82,-104.71,1879,6,11,Summer,8.87451,40.57648,18.0645,11,10.0,809.7,722
38.82,-104.71,1879,7,13,Summer,5.45044,49.08882,22.07428,10,10.0,817.9,722
38.82,-104.71,1879,7,11,Summer,7.87354,50.95192,19.14963,10,10.0,819.0,722
38.82,-104.71,1879,7,14,Summer,54.13208,25.9008,3.54457,6,8.0,819.0,43
38.82,-104.71,1879,7,12,Summer,39.66064,29.74281,3.50081,8,10.0,820.1,47
38.82,-104.71,1879,7,11,Summer,18.19458,43.88474,19.79392,9,10.0,816.7,722
38.82,-104.71,1879,7,13,Summer,5.84717,53.54012,21.75124,13,10.0,813.1,722
38.82,-104.71,1879,7,12,Summer,12.26196,50.29732,21.13657,6,10.0,815.9,722
38.82,-104.71,1879,7,11,Summer,11.01685,54.86443,19.15666,0,10.0,817.3,722
38.82,-104.71,1879,7,12,Summer,26.77612,39.42337,20.99159,8,10.0,817.6,32
38.82,-104.71,1879,7,13,Summer,17.95654,39.36798,5.21801,13,10.0,819.0,240
38.82,-104.71,1879,8,14,Summer,99.98779,18.00781,7.07438,20,10.0,817.0,50
38.82,-104.71,1879,8,11,Summer,17.20581,45.23422,10.5753,3,10.0,815.1,722
38.82,-104.71,1879,8,15,Summer,17.76123,37.45453,5.3045,11,10.0,811.7,100
38.82,-104.71,1879,8,13,Summer,7.62329,50.23438,20.05484,6,10.0,808.3,722
38.82,-104.71,1879,8,14,Summer,10.60181,43.16971,21.45063,5,10.0,808.0,722
38.82,-104.71,1879,8,15,Summer,11.95679,41.26381,19.92923,7,10.0,814.8,230
38.82,-104.71,1879,8,12,Summer,5.15137,55.48378,17.66242,9,10.0,814.2,250
38.82,-104.71,1879,8,12,Summer,41.3208,29.74533,8.68945,13,8.0,820.7,20
38.82,-104.71,1879,8,14,Summer,24.58496,32.24037,0.80057,7,10.0,815.6,722
38.82,-104.71,1879,8,14,Summer,11.38306,41.87057,18.63855,7,10.0,814.2,722
38.82,-104.71,1879,8,10,Summer,26.83105,28.42606,1.53822,18,10.0,820.4,120
38.82,-104.71,1879,8,14,Summer,12.35962,40.63438,18.43928,17,10.0,819.3,722
38.82,-104.71,1879,9,14,Fall,6.16455,47.79724,19.01994,6,4.0,816.7,722
38.82,-104.71,1879,9,13,Fall,22.71729,33.49419,7.48633,6,10.0,820.4,24
38.82,-104.71,1879,9,15,Fall,13.61084,37.45453,12.44856,9,10.0,814.2,200
38.82,-104.71,1879,9,13,Fall,9.52148,45.85861,3.86097,8,10.0,818.7,722
38.82,-104.71,1879,9,13,Fall,73.98682,18.77823,7.10638,10,9.1,813.1,722
38.82,-104.71,1879,9,12,Fall,5.45654,32.24541,8.37417,18,10.0,803.2,250
38.82,-104.71,1879,9,10,Fall,93.01147,14.17336,2.67474,0,1.0,809.4,6
38.82,-104.71,1879,10,14,Fall,22.14355,23.23204,1.68931,26,10.0,802.7,100
38.82,-104.71,1879,10,13,Fall,25.53101,25.19333,19.68896,14,10.0,817.3,722
38.82,-104.71,1879,10,15,Fall,32.05566,19.94644,12.4385,15,10.0,817.0,722
38.82,-104.71,1879,10,15,Fall,8.96606,31.65878,12.34708,17,10.0,805.5,722
38.82,-104.71,1879,10,10,Fall,6.97632,36.80244,8.15003,22,10.0,809.7,722
38.82,-104.71,1879,10,11,Fall,7.26929,36.20827,12.33925,20,10.0,809.7,722
38.82,-104.71,1879,10,13,Fall,0.1709,43.15964,12.30362,11,10.0,815.1,250
38.82,-104.71,1879,10,14,Fall,0.19531,39.33525,7.11781,6,10.0,814.5,722
38.82,-104.71,1879,10,12,Fall,2.0813,43.85704,13.23217,9,10.0,814.2,722
38.82,-104.71,1879,10,12,Fall,20.77637,28.96484,2.42838,6,9.1,805.2,722
38.82,-104.71,1879,11,13,Fall,99.09058,1.3205,3.27304,15,2.0,816.5,5
38.82,-104.71,1879,11,14,Fall,68.01147,5.85487,3.27304,0,0.3,812.2,2
38.82,-104.71,1879,11,15,Fall,47.55249,10.97084,6.61684,7,10.0,812.0,722
38.82,-104.71,1879,11,11,Fall,3.43628,41.32927,8.18266,3,10.0,808.9,722
38.82,-104.71,1879,11,15,Fall,8.05664,29.04037,7.72014,9,10.0,812.8,722
38.82,-104.71,1879,11,12,Fall,3.73535,32.25044,5.4241,0,10.0,809.4,250
38.82,-104.71,1879,11,10,Fall,20.05615,25.11024,2.92126,21,10.0,803.0,722
38.82,-104.71,1879,11,12,Fall,0.48828,28.47137,7.13544,8,10.0,805.8,240
38.82,-104.71,1879,11,11,Fall,30.34058,21.28586,7.35595,20,10.0,817.3,55
38.82,-104.71,1879,11,11,Fall,13.33618,30.39993,7.56713,5,10.0,811.4,250
38.82,-104.71,1879,11,15,Fall,10.68115,23.85643,8.34375,7,10.0,809.7,250
38.82,-104.71,1879,12,15,Winter,13.15308,22.53212,6.21444,17,10.0,811.7,250
38.82,-104.71,1879,12,13,Winter,3.84521,20.05219,8.34096,23,10.0,807.7,722
38.82,-104.71,1879,12,13,Winter,1.79443,20.69923,8.6582,14,10.0,814.5,722
38.82,-104.71,1879,12,11,Winter,0.0,39.93195,4.85704,5,10.0,819.6,722
38.82,-104.71,1879,12,12,Winter,2.83203,30.92613,12.0025,7,10.0,813.9,120
38.82,-104.71,1879,12,13,Winter,1.81885,34.8336,9.07326,6,10.0,808.3,722
38.82,-104.71,1879,12,13,Winter,45.50781,0.09186,4.46963,23,9.1,805.2,28
38.82,-104.71,1879,12,13,Winter,2.90527,26.4975,7.7783,3,10.0,809.7,722
38.82,-104.71,1879,12,11,Winter,1.59912,32.23785,3.4492,0,10.0,807.2,722
38.82,-104.71,1879,12,12,Winter,2.73438,27.75131,4.96263,8,10.0,815.3,250
38.82,-104.71,1879,12,13,Winter,21.22803,11.57257,6.0537,16,10.0,815.3,230
38.82,-104.71,1879,1,15,Winter,6.46973,16.87485,5.73726,3,10.0,815.3,722
38.82,-104.71,1879,1,11,Winter,16.80908,14.8481,2.88607,0,10.0,812.8,230
38.82,-104.71,1879,1,10,Winter,31.32935,16.80435,3.30823,23,10.0,810.6,722
38.82,-104.71,1879,1,14,Winter,25.54932,15.56816,2.35813,8,10.0,793.7,140
38.82,-104.71,1879,1,11,Winter,0.0,35.50583,4.50508,5,10.0,816.7,722
38.82,-104.71,1879,1,11,Winter,11.71265,30.91858,5.38498,5,10.0,821.5,250
38.82,-104.71,1879,1,15,Winter,11.21826,23.20435,9.15127,10,10.0,818.7,722
38.82,-104.71,1879,1,13,Winter,11.4624,25.80513,11.93148,8,10.0,805.5,250
38.82,-104.71,1879,2,12,Winter,13.3728,20.66147,3.34361,5,10.0,814.5,100
38.82,-104.71,1879,2,11,Winter,7.50122,29.64966,6.61721,24,10.0,806.9,722
38.82,-104.71,1879,2,15,Winter,22.10083,18.10852,10.10181,7,10.0,813.1,722
38.82,-104.71,1879,2,13,Winter,20.33081,20.05219,12.86632,11,10.0,807.2,250
38.82,-104.71,1879,2,11,Winter,48.38257,3.90617,3.37862,6,10.0,807.5,140
38.82,-104.71,1879,2,13,Winter,12.73804,19.35226,14.60632,10,10.0,813.1,722
38.82,-104.71,1879,2,10,Winter,51.94092,1.38092,3.97691,3,4.0,807.2,7
38.82,-104.71,1879,2,10,Winter,10.21118,15.5455,5.52545,26,10.0,802.1,722
38.82,-104.71,1879,2,14,Winter,1.89819,20.73448,14.53592,18,10.0,805.8,722
38.82,-104.71,1879,2,14,Winter,0.0,29.68491,15.26776,6,10.0,803.0,722
38.82,-104.71,1879,3,10,Spring,2.56348,35.49576,1.90058,9,10.0,808.6,722
38.82,-104.71,1879,3,14,Spring,0.72632,25.16563,16.3039,23,10.0,805.5,722
38.82,-104.71,1879,3,11,Spring,0.04883,28.33794,11.46619,23,10.0,800.4,722
38.82,-104.71,1879,3,13,Spring,2.21558,15.56061,15.93565,28,10.0,809.4,722
38.82,-104.71,1879,3,13,Spring,2.83813,30.91858,17.74879,15,10.0,805.2,250
38.82,-104.71,1879,3,11,Spring,8.27637,23.95462,10.80515,21,10.0,806.6,240
38.82,-104.71,1879,3,11,Spring,4.94995,32.83455,11.96643,0,10.0,817.0,722
38.82,-104.71,1879,3,11,Spring,14.5813,30.99915,14.12651,8,8.0,804.9,722
38.82,-104.71,1879,4,14,Spring,7.01294,25.76736,20.02817,26,10.0,801.5,722
38.82,-104.71,1879,4,15,Spring,8.39844,23.19176,17.37645,13,10.0,812.5,722
38.82,-104.71,1879,4,11,Spring,58.06274,5.16754,3.20265,29,10.0,819.3,34
38.82,-104.71,1879,5,14,Spring,20.17212,32.31339,20.61528,18,10.0,809.1,722
38.82,-104.71,1879,5,11,Spring,13.1958,45.13855,20.28446,11,10.0,808.9,722
38.82,-104.71,1879,6,13,Summer,18.42651,38.13179,23.66811,16,10.0,812.0,722
38.82,-104.71,1879,6,12,Summer,5.65796,42.63344,20.31622,10,10.0,810.8,722
38.82,-104.71,1879,6,14,Summer,8.35571,41.34941,18.62441,10,10.0,813.1,722
38.82,-104.71,1879,6,12,Summer,4.96826,52.24854,19.85018,5,9.1,808.9,722
38.82,-104.71,1879,6,12,Summer,24.08447,38.65044,20.34292,15,10.0,812.5,722
38.82,-104.71,1879,6,10,Summer,40.22217,28.47137,17.25585,9,10.0,814.2,36
38.82,-104.71,1879,6,11,Summer,8.81958,47.79472,18.36147,7,10.0,813.9,722
38.82,-104.71,1879,6,13,Summer,36.26099,26.50002,1.30225,15,10.0,810.6,45
38.82,-104.71,1879,6,11,Summer,2.12402,58.05435,17.95076,8,10.0,810.0,722
38.82,-104.71,1879,7,12,Summer,9.3689,50.252,19.55829,9,10.0,817.3,722
38.82,-104.71,1879,7,11,Summer,10.62012,47.81487,17.47004,11,10.0,817.6,722
38.82,-104.71,1879,7,14,Summer,47.87598,28.33794,3.33294,6,10.0,817.9,200
38.82,-104.71,1879,7,15,Summer,10.60181,35.42526,1.2373,14,10.0,814.8,140
38.82,-104.71,1879,7,13,Summer,29.94995,38.02605,7.17684,16,8.0,816.2,200
38.82,-104.71,1879,7,11,Summer,15.91797,47.79221,17.42408,11,10.0,820.4,722
38.82,-104.71,1879,7,14,Summer,22.90039,39.99489,23.0323,13,10.0,815.9,250
38.82,-104.71,1879,7,15,Summer,83.02002,19.98421,22.41805,20,10.0,818.2,130
38.82,-104.71,1879,7,11,Summer,23.10791,35.41771,4.46605,14,10.0,819.8,60
38.82,-104.71,1879,8,13,Summer,21.14258,38.10158,19.75208,9,10.0,813.9,200
38.82,-104.71,1879,8,13,Summer,13.25073,47.14767,19.14015,3,10.0,817.9,722
38.82,-104.71,1879,8,11,Summer,33.66699,34.88144,8.05918,6,10.0,819.3,150
38.82,-104.71,1879,8,12,Summer,7.26318,51.55113,18.14038,13,10.0,813.7,722
38.82,-104.71,1879,9,13,Fall,39.90479,27.82684,5.28462,0,10.0,814.8,250
38.82,-104.71,1879,9,15,Fall,9.46045,38.1041,15.13138,15,10.0,810.8,722
38.82,-104.71,1879,9,12,Fall,4.42505,59.34845,16.03121,6,10.0,811.7,722
38.82,-104.71,1879,9,14,Fall,49.60327,25.11024,18.61498,13,10.0,810.6,100
38.82,-104.71,1879,9,15,Fall,25.01831,27.78908,13.77904,11,10.0,808.6,722
38.16,-121.56,1,6,11,Summer,42.80396,26.4975,22.91674,14,10.0,1010.6,722
38.16,-121.56,1,6,12,Summer,19.58618,29.70505,9.04564,13,10.0,1009.6,95
38.16,-121.56,1,6,15,Summer,28.05786,34.76814,20.28264,8,10.0,1012.6,722
38.16,-121.56,1,6,13,Summer,23.19336,38.63281,21.37716,9,10.0,1013.0,722
38.16,-121.56,1,6,14,Summer,19.20776,44.48143,20.4374,9,10.0,1007.9,722
38.16,-121.56,1,6,14,Summer,17.66357,45.76797,20.28929,10,10.0,1003.8,722
38.16,-121.56,1,6,11,Summer,30.32837,37.44194,18.5212,11,10.0,1006.9,722
38.16,-121.56,1,7,12,Summer,30.63354,34.16641,21.09784,13,10.0,1008.6,722
38.16,-121.56,1,7,15,Summer,24.62769,36.84525,19.74318,15,10.0,1010.6,722
38.16,-121.56,1,7,11,Summer,32.13501,31.67892,18.43864,10,10.0,1012.3,722
38.16,-121.56,1,7,10,Summer,50.71411,24.5211,15.01938,15,10.0,1011.3,722
38.16,-121.56,1,8,15,Summer,22.27783,38.1192,18.35985,25,10.0,1007.2,722
38.16,-121.56,1,8,15,Summer,44.17114,29.66728,17.18896,25,10.0,1010.9,722
38.16,-121.56,1,8,10,Summer,55.2063,23.91182,12.26379,26,10.0,1007.2,722
38.16,-121.56,1,9,12,Fall,11.96899,41.91338,17.801,10,10.0,1007.2,722
38.16,-121.56,1,9,13,Fall,51.93481,26.51009,3.30251,11,10.0,1012.3,24
38.16,-121.56,1,9,10,Fall,58.27637,25.12535,12.64862,28,10.0,1007.5,722
38.16,-121.56,1,9,11,Fall,56.09741,25.87311,15.60234,26,10.0,1007.5,722
38.16,-121.56,1,9,12,Fall,48.77319,29.08569,10.00179,16,10.0,1010.6,722
38.16,-121.56,1,9,15,Fall,10.21118,30.93117,15.30966,20,10.0,1009.2,722
38.16,-121.56,1,9,14,Fall,13.94653,36.83266,16.69177,11,10.0,1006.2,722
38.16,-121.56,1,9,10,Fall,26.53198,29.05045,10.77749,5,10.0,1011.9,722
38.16,-121.56,1,10,12,Fall,12.60376,28.47641,17.0838,15,10.0,1009.9,722
38.16,-121.56,1,10,13,Fall,10.16846,30.31433,17.92394,15,10.0,1009.6,722
38.16,-121.56,1,10,12,Fall,20.36743,28.41347,13.75991,7,3.0,1012.6,722
38.16,-121.56,1,10,10,Fall,26.41602,20.09499,6.51226,7,10.0,1019.4,722
38.16,-121.56,1,10,14,Fall,11.84082,32.9554,10.50022,9,10.0,1016.3,250
38.16,-121.56,1,10,11,Fall,42.26074,23.26225,12.81638,0,10.0,1022.1,722
38.16,-121.56,1,10,13,Fall,34.81445,27.72865,15.38122,0,10.0,1024.4,722
38.16,-121.56,1,10,11,Fall,43.2312,26.47987,12.08618,18,10.0,1021.7,722
38.16,-121.56,1,10,12,Fall,32.15332,30.26901,14.02563,10,10.0,1010.6,722
38.16,-121.56,1,11,13,Fall,55.98755,18.07579,0.73899,7,10.0,1013.0,44
38.16,-121.56,1,11,14,Fall,45.28198,21.9455,2.81841,0,10.0,1012.3,46
38.16,-121.56,1,11,12,Fall,70.55664,21.29341,5.90927,9,10.0,1014.3,34
38.16,-121.56,1,11,13,Fall,46.82617,24.47327,10.89754,0,10.0,1016.0,722
38.16,-121.56,1,11,13,Fall,51.15356,22.65549,14.37853,7,10.0,1016.7,722
38.16,-121.56,1,11,12,Fall,55.16357,23.8237,4.27118,10,10.0,1020.1,722
38.16,-121.56,1,11,13,Fall,56.604,23.1691,13.51305,15,10.0,1019.0,40
38.16,-121.56,1,11,12,Fall,40.67383,17.51183,9.6934,13,10.0,1019.4,722
38.16,-121.56,1,12,14,Winter,47.35107,21.9883,9.72708,0,10.0,1013.6,722
38.16,-121.56,1,12,13,Winter,26.94702,19.95903,10.64045,14,10.0,1026.8,722
38.16,-121.56,1,12,12,Winter,30.83496,13.00514,8.48077,22,10.0,1022.4,722
38.16,-121.56,1,12,10,Winter,85.50415,6.49437,1.33722,7,10.0,1018.7,722
38.16,-121.56,1,1,14,Winter,46.49048,19.45297,4.8225,8,10.0,1019.7,722
38.16,-121.56,1,1,13,Winter,85.9436,15.56564,1.4076,9,5.0,1016.3,55
38.16,-121.56,1,1,14,Winter,79.97437,16.83456,1.47798,7,7.0,1016.0,46
38.16,-121.56,1,1,12,Winter,89.16626,16.12961,0.95007,5,10.0,1001.8,100
38.16,-121.56,1,1,10,Winter,90.59448,12.33292,1.19639,3,10.0,1024.8,722
38.16,-121.56,1,1,12,Winter,80.33447,16.11198,2.28722,5,10.0,1025.1,7
38.16,-121.56,1,1,15,Winter,72.78442,18.16139,7.75536,8,10.0,1023.8,22
38.16,-121.56,1,1,15,Winter,81.68335,14.94377,0.73895,13,10.0,1020.4,8
38.16,-121.56,1,1,15,Winter,80.42603,16.08429,0.70376,10,10.0,1020.7,16
38.16,-121.56,1,1,11,Winter,91.99219,12.93716,0.98532,7,3.0,1016.7,2
38.16,-121.56,1,1,14,Winter,60.83374,16.84967,6.73832,7,10.0,1024.8,722
38.16,-121.56,1,1,14,Winter,63.20801,17.50679,14.54988,5,10.0,1021.1,30
38.16,-121.56,1,1,10,Winter,87.29248,10.32631,1.1612,0,10.0,1028.8,95
38.16,-121.56,1,1,12,Winter,71.5332,15.55557,7.47409,6,10.0,1020.1,722
38.16,-121.56,1,1,13,Winter,66.36963,19.30191,12.42746,5,10.0,1018.7,722
38.16,-121.56,1,2,13,Winter,46.50879,23.937,11.89704,10,10.0,1022.4,722
38.16,-121.56,1,2,11,Winter,50.08545,21.98074,8.88599,0,10.0,1016.7,722
38.16,-121.56,1,2,10,Winter,61.17554,16.11198,3.66046,0,10.0,1012.6,722
38.16,-121.56,1,2,14,Winter,31.85425,18.74046,15.55488,24,10.0,1010.2,722
38.16,-121.56,1,2,14,Winter,26.34277,15.42969,3.69494,8,10.0,1014.0,80
38.16,-121.56,1,2,13,Winter,34.70459,21.29089,15.7516,7,10.0,1023.8,722
38.16,-121.56,1,2,12,Winter,20.02563,14.1507,15.29334,20,10.0,1014.6,722
38.16,-121.56,1,2,14,Winter,15.84473,16.87485,16.57366,9,10.0,1014.3,722
38.16,-121.56,1,3,13,Spring,45.64209,16.18248,17.85578,18,10.0,1023.4,722
38.16,-121.56,1,3,14,Spring,42.96265,20.66147,17.83475,11,10.0,1017.0,722
38.16,-121.56,1,3,12,Spring,50.85449,18.77823,16.92537,9,10.0,1015.0,722
38.16,-121.56,1,3,15,Spring,62.8479,19.41772,3.92804,7,10.0,1011.3,90
38.16,-121.56,1,3,12,Spring,54.60815,21.97067,16.71929,5,10.0,1017.3,722
38.16,-121.56,1,3,15,Spring,44.7937,25.75478,16.1821,6,10.0,1015.3,722
38.16,-121.56,1,3,13,Spring,89.26392,12.24731,0.95013,13,5.0,1012.6,23
38.16,-121.56,1,3,14,Spring,88.09204,13.50616,15.48357,21,10.0,1011.6,18
38.16,-121.56,1,3,11,Spring,99.98779,13.61694,0.84451,3,5.0,1008.2,22
38.16,-121.56,1,3,14,Spring,74.27979,18.66241,19.45385,23,10.0,1007.5,722
38.16,-121.56,1,3,13,Spring,51.51978,21.25565,10.38366,0,10.0,1018.4,722
38.16,-121.56,1,3,14,Spring,70.72754,12.9422,0.49266,14,10.0,1018.0,80
38.16,-121.56,1,3,15,Spring,92.35229,11.71608,3.37823,8,10.0,1017.7,722
38.16,-121.56,1,3,12,Spring,35.54077,18.16391,18.99136,17,10.0,1020.1,722
38.16,-121.56,1,3,13,Spring,28.88794,24.51103,19.91427,21,10.0,1020.7,722
38.16,-121.56,1,4,14,Spring,32.48291,27.11937,20.53177,14,10.0,1014.6,722
38.16,-121.56,1,4,10,Spring,81.7627,18.08586,7.68795,17,10.0,1011.6,722
38.16,-121.56,1,4,12,Spring,26.67236,23.88664,20.13673,0,10.0,1026.8,722
38.16,-121.56,1,4,13,Spring,39.11133,31.03943,20.43519,0,10.0,1021.7,722
38.16,-121.56,1,4,12,Spring,73.91357,16.10695,6.92067,7,10.0,1013.6,170
38.16,-121.56,1,4,13,Spring,56.20728,17.47406,7.89478,8,10.0,1013.3,46
38.16,-121.56,1,4,14,Spring,42.55371,27.80418,21.69786,15,10.0,1011.9,722
38.16,-121.56,1,4,13,Spring,43.94531,22.51953,14.39994,11,10.0,1015.7,50
38.16,-121.56,1,5,14,Spring,30.21851,29.70505,22.08742,10,10.0,1006.5,722
38.16,-121.56,1,5,12,Spring,38.27515,27.68082,21.09943,11,10.0,1011.9,722
38.16,-121.56,1,5,12,Spring,42.43164,27.77649,20.94921,17,10.0,1014.3,722
38.16,-121.56,1,5,13,Spring,49.41406,23.27484,22.18299,24,10.0,1010.9,722
38.16,-121.56,1,5,14,Spring,23.59619,39.32266,21.08818,14,10.0,1004.2,722
38.16,-121.56,1,6,15,Summer,20.08057,40.57144,20.18397,15,10.0,1007.2,722
38.16,-121.56,1,6,12,Summer,39.16626,26.38924,23.61453,21,10.0,1008.2,722
38.16,-121.56,1,6,15,Summer,20.55054,38.64037,19.81317,5,9.1,1008.6,722
38.16,-121.56,1,6,12,Summer,35.36377,29.68742,21.08918,14,10.0,1005.5,722
38.16,-121.56,1,6,11,Summer,47.03979,26.40938,18.72321,18,10.0,1013.0,722
38.16,-121.56,1,6,15,Summer,40.6311,30.33447,20.21125,29,10.0,1005.9,722
38.16,-121.56,1,6,15,Summer,17.16919,40.63187,19.35709,14,10.0,1007.5,722
38.16,-121.56,1,7,13,Summer,43.4021,29.03786,14.92619,22,10.0,1009.2,722
38.16,-121.56,1,7,15,Summer,43.14575,29.63203,16.67901,25,10.0,1008.2,722
38.16,-121.56,1,7,14,Summer,22.33276,34.87137,21.20004,10,10.0,1016.7,722
38.16,-121.56,1,7,15,Summer,21.5332,34.86633,19.52841,15,10.0,1016.3,722
38.16,-121.56,1,7,11,Summer,17.8833,38.74359,17.35639,0,10.0,1012.6,722
38.16,-121.56,1,7,12,Summer,17.7002,40.69481,19.48012,8,10.0,1012.3,722
38.16,-121.56,1,7,12,Summer,32.53174,33.61504,19.98934,10,10.0,1008.6,722
38.16,-121.56,1,7,10,Summer,53.57666,25.21599,12.88616,22,10.0,1012.6,722
38.16,-121.56,1,7,13,Summer,27.30713,37.34627,21.06858,13,10.0,1010.2,722
38.16,-121.56,1,7,13,Summer,32.89795,34.16641,19.66305,18,10.0,1013.6,722
38.16,-121.56,1,8,13,Summer,17.67578,41.33682,17.18005,0,6.0,1011.9,722
38.16,-121.56,1,8,10,Summer,49.96338,24.51103,7.24206,13,10.0,1009.2,722
38.16,-121.56,1,8,12,Summer,35.01587,30.37224,13.64976,16,10.0,1008.6,722
38.16,-121.56,1,8,15,Summer,25.08545,39.29749,14.54472,8,10.0,1009.2,722
38.16,-121.56,1,8,15,Summer,18.61572,42.57805,15.93957,11,10.0,1009.2,722
38.16,-121.56,1,8,10,Summer,58.81958,22.64038,10.00555,21,10.0,1010.9,722
38.16,-121.56,1,8,12,Summer,19.2688,38.71841,17.30225,0,10.0,1011.9,722
38.16,-121.56,1,8,10,Summer,63.08594,21.30096,12.79396,22,10.0,1010.6,722
38.16,-121.56,1,8,15,Summer,33.65479,30.3949,15.16072,18,10.0,1010.9,722
38.16,-121.56,1,9,13,Fall,27.948,36.75461,15.59689,9,10.0,1006.2,722
38.16,-121.56,1,9,10,Fall,57.25708,22.52457,7.93993,20,10.0,1008.6,722
38.16,-121.56,1,9,14,Fall,33.75854,32.85721,15.13727,20,10.0,1006.9,722
38.16,-121.56,1,9,13,Fall,26.62354,30.26901,9.14213,11,10.0,1009.9,722
38.16,-121.56,1,9,12,Fall,19.25049,36.08238,11.7151,3,10.0,1010.2,722
38.16,-121.56,1,9,14,Fall,15.96069,41.97884,12.6906,0,10.0,1008.2,722
38.16,-121.56,1,9,11,Fall,60.33325,20.68161,9.75519,24,10.0,1007.5,722
38.95,-104.83,1947,5,12,Spring,18.43872,35.55367,25.79999,6,10.0,802.8,722
38.95,-104.83,1947,5,15,Spring,20.1416,34.77318,3.54001,7,10.0,802.3,110
38.95,-104.83,1947,6,10,Summer,54.20532,22.58247,18.14143,14,10.0,804.2,722
38.95,-104.83,1947,6,13,Summer,20.73975,32.22527,5.30346,17,10.0,800.6,722
38.95,-104.83,1947,6,13,Summer,16.79688,39.41582,1.62694,9,10.0,804.0,722
38.95,-104.83,1947,6,14,Summer,20.62378,42.53525,14.66608,10,10.0,799.8,722
38.95,-104.83,1947,6,14,Summer,25.95825,35.47562,2.38326,8,10.0,799.8,722
38.95,-104.83,1947,6,12,Summer,8.30688,39.40071,19.23799,9,10.0,801.2,722
38.95,-104.83,1947,6,15,Summer,52.93579,18.01285,1.74327,13,10.0,804.5,18
38.95,-104.83,1947,6,12,Summer,26.40381,28.43109,18.7496,9,10.0,805.1,722
38.95,-104.83,1947,7,13,Summer,17.28516,34.77318,5.5371,16,10.0,803.1,90
38.95,-104.83,1947,7,11,Summer,21.02051,36.81755,15.70767,13,10.0,801.4,722
38.95,-104.83,1947,7,11,Summer,30.06592,36.72943,16.52992,15,10.0,803.7,722
38.95,-104.83,1947,7,11,Summer,31.28662,36.72188,15.33724,9,10.0,802.3,722
38.95,-104.83,1947,7,10,Summer,41.02173,29.63203,6.89958,14,10.0,802.6,140
38.95,-104.83,1947,7,12,Summer,24.32861,38.07388,8.58924,3,10.0,802.0,170
38.95,-104.83,1947,7,13,Summer,40.64941,30.38734,7.6335,13,10.0,804.8,95
38.95,-104.83,1947,8,14,Summer,52.41699,28.34801,14.24214,7,10.0,801.2,722
38.95,-104.83,1947,8,11,Summer,40.50903,28.45375,14.30608,8,10.0,803.4,722
38.95,-104.83,1947,8,12,Summer,48.37646,32.24037,17.16988,9,10.0,804.8,722
38.95,-104.83,1947,8,12,Summer,22.46094,38.09906,17.6078,6,10.0,800.6,722
38.95,-104.83,1947,8,14,Summer,20.97168,38.13934,1.64306,0,10.0,797.3,110
38.95,-104.83,1947,8,15,Summer,16.05835,49.59236,14.32279,8,10.0,801.4,130
38.95,-104.83,1947,8,11,Summer,27.61841,33.54706,14.82409,3,10.0,803.7,722
38.95,-104.83,1947,8,13,Summer,16.79688,41.2915,16.86888,10,10.0,802.8,722
38.95,-104.83,1947,8,12,Summer,16.22314,38.66051,17.2064,9,10.0,804.5,722
38.95,-104.83,1947,8,11,Summer,18.73779,34.87137,14.74914,10,10.0,802.6,722
38.95,-104.83,1947,8,12,Summer,13.65967,37.41425,16.61268,16,10.0,802.3,722
38.95,-104.83,1947,8,13,Summer,18.31055,37.98828,8.32544,5,10.0,801.2,140
38.95,-104.83,1947,8,13,Summer,16.39404,42.63344,18.27855,5,10.0,802.0,722
38.95,-104.83,1947,8,11,Summer,18.573,36.81755,16.02238,6,10.0,805.9,722
38.95,-104.83,1947,8,12,Summer,22.96753,34.92424,17.24424,11,10.0,808.4,722
38.95,-104.83,1947,8,13,Summer,23.4375,40.59662,15.6016,7,10.0,806.5,722
38.95,-104.83,1947,8,11,Summer,29.74243,32.93022,13.63104,10,10.0,805.3,722
38.95,-104.83,1947,9,11,Fall,25.63477,31.0067,15.18261,16,10.0,804.2,722
38.95,-104.83,1947,9,15,Fall,11.17554,49.66034,11.57512,18,10.0,804.0,722
38.95,-104.83,1947,9,10,Fall,28.25928,29.73526,11.51181,9,10.0,806.7,722
38.95,-104.83,1947,9,11,Fall,15.08789,35.4731,14.47951,11,10.0,806.5,722
38.95,-104.83,1947,9,13,Fall,14.12964,41.94107,5.56062,13,10.0,803.1,722
38.95,-104.83,1947,9,14,Fall,10.96802,47.79976,15.18345,13,10.0,802.8,722
38.95,-104.83,1947,9,10,Fall,25.3479,29.09576,11.0791,7,10.0,805.3,722
38.95,-104.83,1947,9,11,Fall,24.43848,33.62007,13.16433,6,10.0,804.0,722
38.95,-104.83,1947,9,15,Fall,7.13501,50.95947,11.57132,13,10.0,793.7,722
38.95,-104.83,1947,9,13,Fall,18.32886,38.71841,16.18462,13,10.0,800.1,722
38.95,-104.83,1947,9,12,Fall,13.18359,29.73274,14.09257,15,10.0,791.4,722
38.95,-104.83,1947,9,10,Fall,19.0979,27.8067,8.45347,24,10.0,793.7,722
38.95,-104.83,1947,9,13,Fall,93.78662,12.8566,1.73122,9,10.0,807.3,27
38.95,-104.83,1947,12,12,Winter,40.25879,3.96156,9.76324,8,10.0,795.3,722
38.95,-104.83,1947,12,13,Winter,27.88696,9.01459,3.80116,3,10.0,793.9,722
38.95,-104.83,1947,1,14,Winter,20.98389,18.69514,6.10497,5,10.0,797.3,722
38.95,-104.83,1947,1,14,Winter,21.24634,21.89011,3.80138,13,10.0,792.0,722
38.95,-104.83,1947,1,12,Winter,66.10107,4.60609,10.70428,7,10.0,800.1,722
38.95,-104.83,1947,1,12,Winter,41.61377,8.39523,10.71178,5,10.0,805.6,722
38.95,-104.83,1947,1,15,Winter,10.47363,24.5211,3.59019,17,10.0,790.9,722
38.95,-104.83,1947,1,13,Winter,13.83667,19.30191,8.41279,13,10.0,801.4,722
38.95,-104.83,1947,1,13,Winter,44.6228,7.72049,6.86282,17,10.0,795.9,722
38.95,-104.83,1947,1,11,Winter,22.86377,9.69688,8.02102,3,10.0,805.3,722
38.95,-104.83,1947,2,14,Winter,15.16113,25.25375,11.80073,6,10.0,800.3,722
38.95,-104.83,1947,2,12,Winter,18.89038,11.6758,6.30043,17,10.0,791.7,722
38.95,-104.83,1947,3,15,Spring,10.26611,41.2764,16.96278,16,10.0,795.6,722
38.95,-104.83,1947,4,12,Spring,8.81958,28.36311,20.26584,20,10.0,784.5,722
38.95,-104.83,1947,4,10,Spring,45.29419,5.23552,16.0244,23,10.0,796.7,722
38.95,-104.83,1947,4,12,Spring,10.80322,25.77492,10.42897,10,10.0,797.0,722
38.95,-104.83,1947,4,14,Spring,10.7666,26.47987,11.1201,8,10.0,796.2,722
38.95,-104.83,1947,4,12,Spring,80.41992,4.5784,3.69536,16,0.0,797.0,20
38.95,-104.83,1947,4,10,Spring,75.95215,3.26164,3.44901,0,2.0,796.2,2
38.95,-104.83,1947,4,14,Spring,5.68237,38.74107,18.52168,18,10.0,782.5,722
38.95,-104.83,1947,4,15,Spring,7.19604,43.18733,15.06346,15,10.0,799.2,722
38.95,-104.83,1947,4,12,Spring,6.67114,27.82433,18.98177,17,10.0,784.8,722
38.95,-104.83,1947,4,11,Spring,34.56421,12.94975,3.23803,16,10.0,795.6,32
38.95,-104.83,1947,4,11,Spring,80.40161,7.73056,3.44901,15,10.0,800.9,17
38.95,-104.83,1947,4,14,Spring,64.37988,13.56155,17.26487,15,10.0,800.9,70
38.95,-104.83,1947,4,14,Spring,11.21826,39.34029,19.55154,15,10.0,801.2,722
38.95,-104.83,1947,4,14,Spring,8.56323,44.58214,19.92945,16,10.0,797.0,722
38.95,-104.83,1947,4,13,Spring,9.55811,35.44037,15.77755,16,10.0,792.0,722
38.95,-104.83,1947,4,14,Spring,7.19604,41.93352,13.44123,20,10.0,791.7,722
38.95,-104.83,1947,4,11,Spring,9.28955,28.97491,18.75163,18,10.0,790.0,722
38.95,-104.83,1947,5,15,Spring,8.11157,50.31746,18.34073,7,8.0,805.6,722
38.95,-104.83,1947,5,13,Spring,11.73706,36.17805,10.72436,8,10.0,804.8,722
38.95,-104.83,1947,5,13,Spring,8.6853,45.08568,22.09707,15,10.0,794.8,722
38.95,-104.83,1947,5,14,Spring,12.1521,43.82179,14.44359,15,10.0,797.0,722
38.95,-104.83,1947,5,11,Spring,39.5874,25.87311,18.45632,14,10.0,802.3,722
38.95,-104.83,1947,5,14,Spring,4.72412,52.88048,18.41219,17,10.0,793.1,722
38.95,-104.83,1947,5,13,Spring,27.80762,29.06052,7.59153,14,10.0,795.0,722
38.95,-104.83,1947,5,10,Spring,52.50244,22.5724,11.83793,0,10.0,799.5,722
38.95,-104.83,1947,5,13,Spring,17.63916,38.07137,15.48551,5,10.0,798.7,722
38.95,-104.83,1947,5,12,Spring,19.11621,35.43533,18.95583,15,10.0,797.6,722
38.95,-104.83,1947,5,12,Spring,16.8335,36.18309,20.28557,10,10.0,798.9,722
38.95,-104.83,1947,6,12,Summer,5.59692,41.91338,20.24486,15,10.0,796.2,722
38.95,-104.83,1947,6,13,Summer,5.00488,45.23674,20.67926,16,10.0,795.9,722
38.95,-104.83,1947,6,12,Summer,14.0625,34.89403,20.10674,11,10.0,807.0,722
38.95,-104.83,1947,6,13,Summer,11.4624,40.61928,20.13343,11,10.0,806.7,722
38.95,-104.83,1947,6,12,Summer,9.21631,41.90079,18.76229,9,10.0,802.3,722
38.95,-104.83,1947,6,15,Summer,7.48291,57.40982,17.54028,14,10.0,800.6,722
38.95,-104.83,1947,6,15,Summer,9.52759,46.51573,14.74395,10,10.0,794.8,90
38.95,-104.83,1947,6,15,Summer,10.66895,47.79976,15.94119,17,10.0,793.1,210
38.95,-104.83,1947,6,13,Summer,21.20361,43.79158,19.96039,13,10.0,800.1,722
38.95,-104.83,1947,6,13,Summer,13.82446,45.82085,18.57516,8,10.0,801.7,722
38.95,-104.83,1947,6,10,Summer,31.7688,30.39742,16.11067,6,10.0,799.5,722
38.95,-104.83,1947,6,15,Summer,43.59741,33.50929,7.72697,13,10.0,796.7,140
38.95,-104.83,1947,6,13,Summer,6.19507,50.91667,6.46021,13,10.0,800.3,722
38.95,-104.83,1947,6,10,Summer,31.23779,29.73526,16.63747,16,10.0,798.7,722
38.95,-104.83,1947,7,12,Summer,12.01782,42.57805,18.33524,14,10.0,800.3,722
38.95,-104.83,1947,7,11,Summer,8.36792,40.59662,17.11217,3,10.0,798.7,722
38.95,-104.83,1947,7,12,Summer,7.34253,45.19897,7.13734,6,10.0,804.5,722
38.95,-104.83,1947,7,12,Summer,21.78955,41.91841,18.37146,9,10.0,807.3,722
38.95,-104.83,1947,7,10,Summer,41.04004,29.76547,15.07649,17,10.0,802.8,722
38.95,-104.83,1947,7,14,Summer,39.85596,36.78734,18.45941,13,10.0,803.4,722
38.95,-104.83,1947,7,15,Summer,12.89673,47.17033,6.9675,7,10.0,805.3,722
38.95,-104.83,1947,7,11,Summer,25.54932,39.39316,17.69061,13,10.0,805.1,722
38.95,-104.83,1947,7,15,Summer,27.75879,36.76216,2.24535,15,10.0,804.2,150
38.95,-104.83,1947,7,10,Summer,18.98193,36.06728,10.95339,16,10.0,802.8,722
38.95,-104.83,1947,7,14,Summer,8.61206,41.30157,8.71836,14,10.0,802.8,170
38.95,-104.83,1947,7,12,Summer,16.11328,41.24367,4.4277,15,10.0,804.2,722
38.95,-104.83,1947,7,14,Summer,31.51245,40.63438,3.34597,14,10.0,806.7,722
38.95,-104.83,1947,7,13,Summer,23.51074,40.03769,18.26547,22,10.0,805.9,722
38.95,-104.83,1947,7,15,Summer,48.50464,29.74281,4.68576,9,10.0,805.6,722
38.95,-104.83,1947,7,15,Summer,96.50879,22.02354,7.93455,0,10.0,804.0,722
38.95,-104.83,1947,7,13,Summer,11.33423,40.7074,18.32032,17,10.0,805.3,722
38.95,-104.83,1947,8,13,Summer,16.6687,42.64351,12.03627,10,10.0,803.7,190
38.95,-104.83,1947,8,13,Summer,18.89038,41.29654,16.56015,13,10.0,803.7,722
38.95,-104.83,1947,8,12,Summer,17.29736,39.33777,16.35673,7,10.0,800.3,722
38.95,-104.83,1947,8,10,Summer,31.18896,30.96893,13.87574,11,10.0,804.2,722
38.95,-104.83,1947,8,10,Summer,63.33008,24.6067,15.3945,7,10.0,803.7,10
38.95,-104.83,1947,8,11,Summer,48.93799,29.75288,14.56236,8,10.0,803.4,722
38.95,-104.83,1947,8,14,Summer,83.87451,19.99428,7.18109,10,10.0,805.3,100
38.95,-104.83,1947,8,12,Summer,18.54858,37.34879,16.21258,16,10.0,796.4,722
38.95,-104.83,1947,9,11,Fall,26.25732,34.16389,12.26723,7,10.0,799.8,722
38.95,-104.83,1947,9,15,Fall,63.86108,23.84132,4.16195,6,10.0,807.3,120
38.95,-104.83,1947,9,11,Fall,8.86841,38.02605,16.4922,11,10.0,802.6,722
38.95,-104.83,1947,9,13,Fall,16.69922,30.3244,8.81337,5,10.0,804.5,722
38.95,-104.83,1947,9,12,Fall,8.44727,35.48569,8.60509,14,10.0,799.8,722
